ad_type_name,area,price,address,property_legal_document,rooms,toilets
Nhà ở,74,7800000000,Hà Nội,đã có sổ,3.0,4.0
Căn hộ/Chung cư,129,6800000000,Hà Nội,sổ hồng riêng,3.0,2.0
Căn hộ/Chung cư,77,4500000,Hà Nội,sổ hồng riêng,1.0,1.0
Nhà ở,78,95000000000,Hà Nội,đã có sổ,8.0,7.0
Căn hộ/Chung cư,78,11000000,Hà Nội,không có sổ,2.0,1.0
Nhà ở,81,16500000000,Hà Nội,đã có sổ,5.0,5.0
Nhà ở,80,8350000000,Hà Nội,đã có sổ,3.0,4.0
Căn hộ/Chung cư,74,6500000,Hà Nội,không có sổ,1.0,1.0
Nhà ở,90,5600000000,Hà Nội,đã có sổ,5.0,3.0
Nhà ở,79,32500000000,Hà Nội,đã có sổ,5.0,4.0
Nhà ở,80,9500000,Hà Nội,đã có sổ,3.0,3.0
Nhà ở,121,6500000000,Hà Nội,đã có sổ,4.0,4.0
Nhà ở,123,20000000,Hà Nội,đã có sổ,5.0,5.0
Nhà ở,78,12000000,Hà Nội,đã có sổ,3.0,4.0
Nhà ở,75,8450000000,Hà Nội,đã có sổ,3.0,4.0
Nhà ở,76,55500000000,Hà Nội,đã có sổ,2.0,2.0
Căn hộ/Chung cư,77,1350000000,Hà Nội,chưa rõ,1.0,1.0
Căn hộ/Chung cư,121,2600000000,Hà Nội,sổ hồng riêng,1.0,1.0
Nhà ở,81,8400000000,Hà Nội,đã có sổ,3.0,2.0
Nhà ở,75,21000000,Hà Nội,đã có sổ,5.0,4.0
Nhà ở,80,7200000000,Hà Nội,đã có sổ,4.0,2.0
Nhà ở,78,15500000000,Hà Nội,đã có sổ,4.0,6.0
Nhà ở,78,12500000000,Hà Nội,đã có sổ,3.0,4.0
Nhà ở,74,17800000000,Hà Nội,đã có sổ,8.0,7.0
Nhà ở,79,5500000000,Hà Nội,đã có sổ,3.0,5.0
Nhà ở,129,9250000000,Hà Nội,đã có sổ,3.0,5.0
Nhà ở,129,18000000000,Hà Nội,đã có sổ,4.0,3.0
Nhà ở,77,5750000000,Triều Khúc,đã có sổ,3.0,4.0
Nhà ở,77,9500000000,Hà Nội,đã có sổ,4.0,4.0
Nhà ở,80,13500000,Hà Nội,đã có sổ,3.0,4.0
Căn hộ/Chung cư,80,12500000000,Hà Nội,sổ hồng riêng,9.0,7.0
Nhà ở,84,5850000000,Hà Nội,đã có sổ,4.0,4.0
Căn hộ/Chung cư,121,4000000,Hà Nội,sổ hồng riêng,1.0,1.0
Nhà ở,75,3000000,Hà Nội,đã có sổ,2.0,1.0
Căn hộ/Chung cư,76,16000000,Hà Nội,sổ hồng riêng,2.0,2.0
Căn hộ/Chung cư,86,2800000000,Hà Nội,chưa rõ,2.0,2.0
Nhà ở,75,6900000000,Hà Nội,đã có sổ,3.0,4.0
Nhà ở,80,5250000000,Hà Nội,đã có sổ,4.0,3.0
Căn hộ/Chung cư,123,2470000000,Hà Nội,sổ hồng riêng,1.0,1.0
Nhà ở,75,4760000000,Hà Nội,đã có sổ,3.0,4.0
Căn hộ/Chung cư,76,3180000000,Hà Nội,sổ hồng riêng,2.0,2.0
Nhà ở,81,26800000000,Hà Nội,đã có sổ,4.0,4.0
Nhà ở,76,20500000000,Hà Nội,đã có sổ,4.0,4.0
Căn hộ/Chung cư,80,1000000000,Hà Nội,sổ hồng riêng,2.0,2.0
Căn hộ/Chung cư,80,4250000000,Hà Nội,sổ hồng riêng,2.0,1.0
Nhà ở,81,13500000000,Hà Nội,đã có sổ,4.0,3.0
Căn hộ/Chung cư,123,3500000000,Hà Nội,sổ hồng riêng,2.0,1.0
Căn hộ/Chung cư,79,4700000000,Hà Nội,sổ hồng riêng,2.0,1.0
Căn hộ/Chung cư,121,4250000000,Hà Nội,sổ hồng riêng,2.0,2.0
Nhà ở,79,9800000000,Hà Nội,đã có sổ,3.0,4.0
Nhà ở,81,13000000000,Hà Nội,đã có sổ,3.0,4.0
Nhà ở,92,5200000000,Đê mới,đã có sổ,3.0,4.0
Căn hộ/Chung cư,79,8500000,Hà Nội,chưa rõ,2.0,1.0
Nhà ở,80,4860000000,Hà Nội,đang chờ sổ,3.0,3.0
Căn hộ/Chung cư,75,2000000000,Hà Nội,chưa rõ,1.0,1.0
Nhà ở,121,8600000000,Hà Nội,đã có sổ,11.0,6.0
Căn hộ/Chung cư,81,7700000000,Hà Nội,sổ hồng riêng,3.0,2.0
Nhà ở,78,8700000000,Hà Nội,đã có sổ,4.0,4.0
Căn hộ/Chung cư,76,4350000000,Hà Nội,sổ hồng riêng,3.0,2.0
Nhà ở,80,5000000000,Hà Nội,chưa rõ,4.0,4.0
Căn hộ/Chung cư,75,5400000,Hà Nội,không có sổ,1.0,1.0
Nhà ở,84,4500000000,Hà Nội,đã có sổ,3.0,4.0
Nhà ở,121,6500000000,Hà Nội,đã có sổ,4.0,3.0
Nhà ở,75,6600000000,Hà Nội,đã có sổ,3.0,4.0
Nhà ở,86,6000000000,Hà Nội,đã có sổ,4.0,4.0
Căn hộ/Chung cư,74,7800000,Hà Nội,không có sổ,1.0,1.0
Nhà ở,121,42000000000,Hà Nội,đã có sổ,11.0,7.0
Nhà ở,79,25000000,Hà Nội,đã có sổ,4.0,5.0
Nhà ở,75,19200000000,Hà Nội,đã có sổ,6.0,5.0
Nhà ở,121,12000000000,Hà Nội,đã có sổ,2.0,2.0
Căn hộ/Chung cư,123,3070000000,Hà Nội,sổ hồng riêng,1.0,1.0
Căn hộ/Chung cư,121,9000000,Hà Nội,sổ hồng riêng,2.0,1.0
Căn hộ/Chung cư,121,8500000000,Hà Nội,sổ hồng riêng,3.0,3.0
Nhà ở,79,11000000000,Hà Nội,đã có sổ,5.0,5.0
Căn hộ/Chung cư,86,11000000,Hà Nội,sổ hồng riêng,2.0,2.0
Nhà ở,81,8900000000,Hà Nội,đã có sổ,4.0,4.0
Căn hộ/Chung cư,74,6350000000,Hà Nội,đang chờ sổ,2.0,1.0
Nhà ở,77,2200000000,Hà Nội,chưa rõ,2.0,3.0
Nhà ở,129,6500000000,Hà Nội,đã có sổ,3.0,4.0
Nhà ở,122,5300000000,Hà Nội,đã có sổ,4.0,3.0
Căn hộ/Chung cư,80,3200000000,Hà Nội,sổ hồng riêng,2.0,1.0
Nhà ở,75,8150000000,Hà Nội,đã có sổ,3.0,4.0
Căn hộ/Chung cư,86,3300000000,Hà Nội,sổ hồng riêng,2.0,1.0
Nhà ở,77,6200000000,Hà Nội,đã có sổ,3.0,3.0
Nhà ở,121,5900000000,Hà Nội,đã có sổ,4.0,4.0
Căn hộ/Chung cư,123,3620000000,Hà Nội,sổ hồng riêng,2.0,1.0
Nhà ở,75,40000000000,Hà Nội,đã có sổ,9.0,7.0
Nhà ở,77,19700000000,Hà Nội,đã có sổ,4.0,4.0
Nhà ở,75,7200000000,Hà Nội,đã có sổ,4.0,2.0
Nhà ở,86,6900000000,Hà Nội,đã có sổ,3.0,4.0
Nhà ở,78,19000000000,Hà Nội,đã có sổ,4.0,3.0
Căn hộ/Chung cư,129,4200000,Hà Nội,không có sổ,1.0,1.0
Nhà ở,81,14300000000,Hà Nội,đã có sổ,5.0,3.0
Nhà ở,76,6200000000,Hà Nội,đã có sổ,2.0,3.0
Nhà ở,75,6980000000,Hà Nội,đã có sổ,3.0,3.0
Căn hộ/Chung cư,121,4350000000,Hà Nội,sổ hồng riêng,2.0,2.0
Căn hộ/Chung cư,79,6500000,Hà Nội,không có sổ,1.0,1.0
Nhà ở,74,26000000000,Hà Nội,đã có sổ,8.0,5.0
Nhà ở,76,30000000,Hà Nội,đã có sổ,6.0,1.0
Nhà ở,76,14000000,Hà Nội,đã có sổ,3.0,4.0
Căn hộ/Chung cư,75,7400000000,Hà Nội,chưa rõ,2.0,2.0
Căn hộ/Chung cư,74,6500000,Hà Nội,không có sổ,1.0,1.0
Nhà ở,80,6480000000,Hà Nội,đã có sổ,4.0,4.0
Nhà ở,79,42000000000,Hà Nội,đã có sổ,5.0,5.0
Nhà ở,78,7600000000,Hà Nội,đã có sổ,3.0,5.0
Căn hộ/Chung cư,78,7200000,Hà Nội,không có sổ,1.0,1.0
Nhà ở,74,67900000000,Hà Nội,đã có sổ,8.0,7.0
Căn hộ/Chung cư,77,1550000000,Hà Nội,sổ hồng riêng,2.0,2.0
Nhà ở,86,23000000000,Hà Nội,đã có sổ,6.0,6.0
Nhà ở,78,13000000000,Hà Nội,đã có sổ,8.0,3.0
Căn hộ/Chung cư,86,5600000000,Hà Nội,sổ hồng riêng,3.0,2.0
Căn hộ/Chung cư,79,10500000000,Hà Nội,sổ hồng riêng,3.0,2.0
Nhà ở,80,16800000000,Hà Nội,đã có sổ,11.0,7.0
Căn hộ/Chung cư,73,15000000,Hà Nội,sổ hồng riêng,2.0,1.0
Căn hộ/Chung cư,80,3950000000,Hà Nội,sổ hồng riêng,2.0,2.0
Nhà ở,77,15500000000,Phố Khương Hạ,đã có sổ,6.0,4.0
Nhà ở,89,4900000000,Hà Nội,đã có sổ,4.0,4.0
Nhà ở,81,7000000000,Hà Nội,đã có sổ,3.0,4.0
Nhà ở,79,25000000,Hà Nội,đã có sổ,5.0,5.0
Nhà ở,80,5500000000,Hà Nội,đã có sổ,4.0,3.0
Nhà ở,81,16400000000,Hà Nội,đã có sổ,4.0,3.0
Nhà ở,121,6500000000,Hà Nội,đã có sổ,4.0,4.0
Căn hộ/Chung cư,80,9500000000,Hà Nội,sổ hồng riêng,9.0,7.0
Căn hộ/Chung cư,75,2050000000,Hà Nội,sổ hồng riêng,2.0,2.0
Căn hộ/Chung cư,77,17200000000,Hà Nội,sổ hồng riêng,3.0,4.0
Căn hộ/Chung cư,121,24500000000,Hà Nội,đang chờ sổ,11.0,7.0
Nhà ở,86,7650000000,Hà Nội,đã có sổ,3.0,4.0
Nhà ở,121,31500000000,Hà Nội,đã có sổ,6.0,6.0
Nhà ở,78,4000000,Hà Nội,đã có sổ,4.0,3.0
Nhà ở,129,2700000,Hà Nội,đang chờ sổ,1.0,1.0
Nhà ở,80,4950000000,Hà Nội,không có sổ,4.0,3.0
Nhà ở,121,5500000000,Hà Nội,đã có sổ,3.0,4.0
Nhà ở,121,10600000000,Hà Nội,đã có sổ,4.0,3.0
Nhà ở,78,8500000000,Hà Nội,đã có sổ,5.0,4.0
Nhà ở,81,19400000000,Hà Nội,đã có sổ,10.0,6.0
Căn hộ/Chung cư,77,4850000000,Hà Nội,sổ hồng riêng,3.0,2.0
Nhà ở,79,53000000000,Hà Nội,đã có sổ,4.0,5.0
Nhà ở,74,10200000000,Hà Nội,đã có sổ,4.0,3.0
Nhà ở,79,46000000000,Hà Nội,đã có sổ,5.0,5.0
Căn hộ/Chung cư,86,11500000,Hà Nội,sổ hồng riêng,1.0,1.0
Nhà ở,84,4250000000,Hà Nội,đã có sổ,3.0,2.0
Nhà ở,75,19800000000,Hà Nội,đã có sổ,5.0,5.0
Căn hộ/Chung cư,78,7500000,Hà Nội,không có sổ,1.0,1.0
Nhà ở,75,4800000000,Hà Nội,đã có sổ,3.0,3.0
Nhà ở,121,8400000000,Hà Nội,đã có sổ,7.0,6.0
Căn hộ/Chung cư,79,15000000000,Hà Nội,sổ hồng riêng,3.0,2.0
Nhà ở,77,16000000000,Hà Nội,đã có sổ,11.0,7.0
Nhà ở,81,38000000000,Hà Nội,đã có sổ,4.0,3.0
Căn hộ/Chung cư,78,9000000,Hà Nội,không có sổ,1.0,1.0
Nhà ở,129,3500000,Hà Nội,đã có sổ,1.0,1.0
Nhà ở,121,5600000000,Hà Nội,đã có sổ,3.0,4.0
Nhà ở,78,9000000,Hà Nội,đã có sổ,3.0,4.0
Nhà ở,77,7500000000,Hà Nội,đã có sổ,6.0,5.0
Nhà ở,121,8900000000,Hà Nội,đã có sổ,4.0,5.0
Nhà ở,77,7950000000,Hà Nội,đã có sổ,3.0,4.0
Căn hộ/Chung cư,121,3349999999,Hà Nội,sổ hồng riêng,2.0,2.0
Nhà ở,80,7800000000,Hà Nội,đã có sổ,4.0,4.0
Nhà ở,75,21000000000,Hà Nội,đã có sổ,6.0,6.0
Nhà ở,86,30000000000,Hà Nội,đã có sổ,6.0,6.0
Căn hộ/Chung cư,78,8500000,Hà Nội,không có sổ,1.0,1.0
Căn hộ/Chung cư,74,5900000,Hà Nội,không có sổ,1.0,1.0
Nhà ở,81,18800000000,Hà Nội,đã có sổ,3.0,2.0
Căn hộ/Chung cư,77,2650000000,Hà Nội,sổ hồng riêng,3.0,2.0
Căn hộ/Chung cư,123,4300000000,Hà Nội,sổ hồng riêng,2.0,2.0
Nhà ở,75,5980000000,Hà Nội,đã có sổ,4.0,5.0
Căn hộ/Chung cư,86,3550000,Hà Nội,chưa rõ,1.0,1.0
Nhà ở,80,1630000000,Hà Nội,chưa rõ,2.0,1.0
Nhà ở,121,8700000000,Hà Nội,đã có sổ,9.0,5.0
Căn hộ/Chung cư,86,14500000,Hà Nội,sổ hồng riêng,3.0,2.0
Căn hộ/Chung cư,76,3930000000,Hà Nội,sổ hồng riêng,2.0,1.0
Nhà ở,129,15600000000,Hà Nội,đã có sổ,6.0,3.0
Căn hộ/Chung cư,80,750000000,Hà Nội,sổ hồng riêng,2.0,1.0
Nhà ở,82,2500000,Hà Nội,đã có sổ,1.0,1.0
Nhà ở,79,5555555555,Hà Nội,không có sổ,4.0,3.0
Nhà ở,77,7090000000,Hà Nội,đã có sổ,4.0,4.0
Căn hộ/Chung cư,76,910000000,Hà Nội,sổ hồng riêng,2.0,1.0
Căn hộ/Chung cư,80,2750000000,Hà Nội,sổ hồng riêng,2.0,1.0
Nhà ở,121,17300000000,Hà Nội,đã có sổ,4.0,3.0
Nhà ở,81,30000000000,Hà Nội,đã có sổ,2.0,2.0
Nhà ở,80,13500000,Phố Định Công Thượng,đã có sổ,4.0,4.0
Nhà ở,86,5800000000,Hà Nội,đã có sổ,3.0,3.0
Nhà ở,81,6500000000,Hà Nội,đã có sổ,3.0,4.0
Nhà ở,77,2750000000,Hà Nội,chưa rõ,2.0,2.0
Nhà ở,75,6500000,Hà Nội,đã có sổ,1.0,1.0
Nhà ở,78,6700000000,Hà Nội,đã có sổ,3.0,3.0
Nhà ở,129,70000000000,Hà Nội,đã có sổ,8.0,7.0
Nhà ở,79,87000000000,Hà Nội,đã có sổ,9.0,7.0
Căn hộ/Chung cư,121,750000000,Hà Nội,chưa rõ,2.0,1.0
Nhà ở,76,12000000000,Hà Nội,đã có sổ,11.0,7.0
Nhà ở,74,8300000000,Hà Nội,đã có sổ,3.0,4.0
Nhà ở,86,9300000000,Hà Nội,đã có sổ,2.0,1.0
Nhà ở,79,12500000000,Hà Nội,đã có sổ,3.0,4.0
Nhà ở,79,9900000000,Hà Nội,đã có sổ,4.0,5.0
Căn hộ/Chung cư,121,19000000,Hà Nội,không có sổ,3.0,2.0
Căn hộ/Chung cư,129,6800000000,Hà Nội,sổ hồng riêng,3.0,2.0
Nhà ở,80,5500000000,Hà Nội,đã có sổ,2.0,3.0
Căn hộ/Chung cư,86,17000000,Hà Nội,sổ hồng riêng,3.0,2.0
Căn hộ/Chung cư,86,4950000000,Hà Nội,sổ hồng riêng,2.0,2.0
Nhà ở,76,10000000,Hà Nội,đã có sổ,4.0,3.0
Căn hộ/Chung cư,80,10000000,Hà Nội,sổ hồng riêng,2.0,2.0
Nhà ở,121,28000000000,Hà Nội,đã có sổ,4.0,5.0
Nhà ở,86,13800000000,Hà Nội,đã có sổ,4.0,4.0
Căn hộ/Chung cư,75,890000000,Hà Nội,sổ hồng riêng,2.0,1.0
Nhà ở,76,14450000000,Hà Nội,đã có sổ,3.0,4.0
Căn hộ/Chung cư,74,7150000000,Hà Nội,sổ hồng riêng,3.0,2.0
Nhà ở,129,12600000000,Hà Nội,đã có sổ,4.0,4.0
Nhà ở,75,7945000000,Hà Nội,đã có sổ,4.0,3.0
Nhà ở,129,42900000000,Phạm Văn Đồng,đã có sổ,11.0,7.0
Nhà ở,121,10500000000,Hà Nội,đã có sổ,4.0,4.0
Căn hộ/Chung cư,86,7500000000,Hà Nội,sổ hồng riêng,3.0,2.0
Căn hộ/Chung cư,79,4600000,Hà Nội,sổ hồng riêng,1.0,1.0
Nhà ở,81,14200000000,Hà Nội,đã có sổ,3.0,5.0
Căn hộ/Chung cư,129,4250000,Hà Nội,chưa rõ,1.0,1.0
Căn hộ/Chung cư,76,4450000000,Hà Nội,sổ hồng riêng,3.0,2.0
Nhà ở,74,10500000000,Hà Nội,đã có sổ,5.0,4.0
Nhà ở,92,2650000000,Hà Nội,đã có sổ,3.0,3.0
Căn hộ/Chung cư,79,8000000,Hà Nội,không có sổ,2.0,2.0
Nhà ở,74,7500000000,Hà Nội,đã có sổ,3.0,4.0
Nhà ở,121,8000000000,Hà Nội,đã có sổ,4.0,4.0
Nhà ở,121,33000000,Hà Nội,đã có sổ,5.0,5.0
Căn hộ/Chung cư,77,4600000000,Hà Nội,chưa rõ,2.0,1.0
Căn hộ/Chung cư,79,18000000,Hà Nội,đang chờ sổ,3.0,2.0
Căn hộ/Chung cư,123,4500000000,Hà Nội,sổ hồng riêng,2.0,2.0
Nhà ở,74,19900000000,Hà Nội,đã có sổ,6.0,7.0
Căn hộ/Chung cư,74,7500000,Hà Nội,không có sổ,1.0,1.0
Căn hộ/Chung cư,78,6000000,Hà Nội,không có sổ,1.0,1.0
Nhà ở,80,11000000000,Hà Nội,đã có sổ,4.0,3.0
Nhà ở,75,13950000000,Hà Nội,đã có sổ,4.0,4.0
Nhà ở,77,7600000000,Hà Nội,đã có sổ,4.0,4.0
Nhà ở,77,24450000000,Hà Nội,đã có sổ,6.0,6.0
Nhà ở,129,8600000000,Hà Nội,đã có sổ,4.0,3.0
Căn hộ/Chung cư,123,3100000000,Hà Nội,sổ hồng riêng,1.0,1.0
Căn hộ/Chung cư,75,7350000000,Hà Nội,chưa rõ,2.0,2.0
Nhà ở,121,12558000000,Hà Nội,đã có sổ,5.0,5.0
Căn hộ/Chung cư,78,8000000,Hà Nội,không có sổ,2.0,1.0
Nhà ở,81,12000000,Hà Nội,đã có sổ,4.0,4.0
Căn hộ/Chung cư,76,4700000,Hà Nội,không có sổ,1.0,1.0
Nhà ở,86,4550000000,Hà Nội,đã có sổ,4.0,3.0
Căn hộ/Chung cư,121,5900000000,Hà Nội,sổ hồng riêng,3.0,2.0
Nhà ở,86,5250000000,Hà Nội,đã có sổ,5.0,4.0
Căn hộ/Chung cư,129,6800000000,Hà Nội,sổ hồng riêng,3.0,2.0
Căn hộ/Chung cư,76,6000000,Hà Nội,sổ hồng riêng,1.0,1.0
Nhà ở,80,2776000000,Hà Nội,đã có sổ,3.0,2.0
Nhà ở,77,64860000000,Hà Nội,đã có sổ,11.0,7.0
Nhà ở,74,4108000000,Hà Nội,đã có sổ,4.0,4.0
Nhà ở,76,5980000000,Hà Nội,đã có sổ,3.0,3.0
Nhà ở,75,9600000000,Hà Nội,đã có sổ,4.0,3.0
Nhà ở,78,10800000000,Hà Nội,đang chờ sổ,2.0,3.0
Nhà ở,74,8000000000,Hà Nội,đã có sổ,3.0,3.0
Nhà ở,77,7800000000,Hà Nội,đã có sổ,4.0,4.0
Căn hộ/Chung cư,86,11500000,Hà Nội,sổ hồng riêng,3.0,2.0
Nhà ở,121,10500000000,Hà Nội,đã có sổ,3.0,3.0
Căn hộ/Chung cư,86,17000000,Hà Nội,sổ hồng riêng,3.0,2.0
Nhà ở,76,16800000000,Hà Nội,đã có sổ,5.0,5.0
Nhà ở,80,8600000000,Hà Nội,đã có sổ,4.0,3.0
Nhà ở,81,6380000000,Hà Nội,đã có sổ,3.0,4.0
Nhà ở,76,9800000000,Hà Nội,đã có sổ,6.0,4.0
Nhà ở,79,7700000000,Hà Nội,đã có sổ,3.0,4.0
Nhà ở,121,7900000000,Hà Nội,đã có sổ,4.0,5.0
Nhà ở,81,18000000000,Hà Nội,đã có sổ,4.0,4.0
Nhà ở,86,25500000000,Hà Nội,đã có sổ,5.0,4.0
Căn hộ/Chung cư,129,8050000000,Hà Nội,chưa rõ,2.0,2.0
Nhà ở,77,12300000000,Hà Nội,đã có sổ,6.0,3.0
Nhà ở,75,16700000000,Hà Nội,đã có sổ,6.0,7.0
Căn hộ/Chung cư,121,8500000,Hà Nội,chưa rõ,1.0,1.0
Nhà ở,75,3350000000,Hà Nội,đã có sổ,2.0,2.0
Nhà ở,79,45000000000,Hà Nội,đã có sổ,6.0,6.0
Căn hộ/Chung cư,78,40000000,Hà Nội,sổ hồng riêng,3.0,2.0
Căn hộ/Chung cư,121,13500000,Hà Nội,sổ hồng riêng,2.0,2.0
Nhà ở,77,7300000000,Hà Nội,đã có sổ,5.0,4.0
Căn hộ/Chung cư,123,3000000000,Hà Nội,sổ hồng riêng,1.0,1.0
Căn hộ/Chung cư,77,6000000000,Hà Nội,đang chờ sổ,2.0,2.0
Nhà ở,86,12000000,Hà Nội,đã có sổ,4.0,4.0
Nhà ở,80,6800000000,Hà Nội,đã có sổ,4.0,4.0
Nhà ở,80,13700000000,Hà Nội,đã có sổ,4.0,3.0
Nhà ở,75,15000000000,Hà Nội,đã có sổ,4.0,5.0
Nhà ở,77,4700000000,Hà Nội,đã có sổ,2.0,2.0
Nhà ở,121,20500000000,Hà Nội,đã có sổ,8.0,5.0
Nhà ở,76,3760000000,Hà Nội,đã có sổ,2.0,3.0
Căn hộ/Chung cư,81,7700000000,Hà Nội,sổ hồng riêng,3.0,2.0
Căn hộ/Chung cư,77,9000000,Hà Nội,không có sổ,2.0,1.0
Nhà ở,80,3000000000,Đường Lĩnh Nam,chưa rõ,2.0,1.0
Nhà ở,77,11900000000,Hà Nội,đã có sổ,10.0,7.0
Căn hộ/Chung cư,76,5050000000,Hà Nội,sổ hồng riêng,3.0,2.0
Nhà ở,73,3100000000,Hà Nội,đang chờ sổ,2.0,2.0
Nhà ở,79,21500000000,Hà Nội,đã có sổ,10.0,7.0
Nhà ở,77,11900000000,Hà Nội,đã có sổ,11.0,7.0
Nhà ở,77,6660000000,Hà Nội,đã có sổ,3.0,3.0
Nhà ở,76,3920000000,Hà Nội,đã có sổ,3.0,4.0
Nhà ở,123,25000000,Hà Nội,đã có sổ,3.0,4.0
Nhà ở,86,48000000000,Hà Nội,đã có sổ,6.0,6.0
Căn hộ/Chung cư,80,4600000000,Hà Nội,sổ hồng riêng,2.0,2.0
Nhà ở,76,15000000,Hà Nội,đã có sổ,4.0,4.0
Nhà ở,75,12500000000,Hà Nội,đã có sổ,4.0,3.0
Nhà ở,121,13500000000,Hà Nội,đã có sổ,11.0,7.0
Nhà ở,78,2800000000,Hà Nội,không có sổ,2.0,2.0
Căn hộ/Chung cư,121,2950000888,Hà Nội,sổ hồng riêng,1.0,1.0
Nhà ở,73,37000000000,Hà Nội,đã có sổ,4.0,7.0
Căn hộ/Chung cư,121,6900000000,Hà Nội,sổ hồng riêng,3.0,2.0
Nhà ở,77,6500000000,Hà Nội,đã có sổ,3.0,4.0
Căn hộ/Chung cư,75,10000000,Hà Nội,không có sổ,1.0,1.0
Nhà ở,81,248000000000,Hà Nội,đã có sổ,11.0,7.0
Nhà ở,79,17000000000,Hà Nội,đã có sổ,5.0,4.0
Nhà ở,75,4500000,Hà Nội,đã có sổ,2.0,1.0
Căn hộ/Chung cư,79,6500000,Hà Nội,sổ hồng riêng,1.0,1.0
Nhà ở,89,7000000,Hà Nội,đã có sổ,3.0,3.0
Nhà ở,76,6550000000,Hà Nội,đã có sổ,6.0,6.0
Nhà ở,81,11000000,Hà Nội,đã có sổ,4.0,3.0
Nhà ở,79,26500000000,Hà Nội,đã có sổ,6.0,4.0
Căn hộ/Chung cư,129,15000000,Hà Nội,sổ hồng riêng,3.0,2.0
Nhà ở,76,12500000000,Hà Nội,đã có sổ,10.0,7.0
Nhà ở,74,7600000000,Hà Nội,đã có sổ,3.0,4.0
Căn hộ/Chung cư,75,32000000,Hà Nội,chưa rõ,3.0,2.0
Nhà ở,75,5500000000,Hà Nội,đã có sổ,3.0,3.0
Nhà ở,77,22000000000,Hà Nội,đã có sổ,4.0,3.0
Căn hộ/Chung cư,73,12000000,Hà Nội,sổ hồng riêng,2.0,1.0
Nhà ở,76,9000000,Hà Nội,đã có sổ,3.0,2.0
Căn hộ/Chung cư,86,3690000000,Hà Nội,chưa rõ,3.0,2.0
Nhà ở,79,29800000000,Hà Nội,đã có sổ,6.0,7.0
Nhà ở,75,4200000000,Hà Nội,đã có sổ,3.0,4.0
Nhà ở,80,5250000000,Hà Nội,đã có sổ,2.0,3.0
Nhà ở,84,5600000000,Hà Nội,đã có sổ,4.0,3.0
Nhà ở,86,9800000000,Hà Nội,đã có sổ,9.0,7.0
Nhà ở,77,7800000000,Hà Nội,đã có sổ,4.0,4.0
Nhà ở,77,7800000000,Hà Nội,đã có sổ,4.0,4.0
Nhà ở,129,5300000000,Hà Nội,đã có sổ,3.0,4.0
Nhà ở,86,8800000000,Hà Nội,đã có sổ,4.0,3.0
Nhà ở,75,18500000000,Hà Nội,đã có sổ,5.0,4.0
Nhà ở,81,11000000000,Hà Nội,đã có sổ,3.0,5.0
Nhà ở,76,90000000000,Hà Nội,đã có sổ,5.0,5.0
Nhà ở,121,8000000000,Hà Nội,đã có sổ,3.0,4.0
Căn hộ/Chung cư,80,5000000,Hà Nội,sổ hồng riêng,8.0,6.0
Căn hộ/Chung cư,86,7950000000,Hà Nội,sổ hồng riêng,3.0,2.0
Căn hộ/Chung cư,79,4000000,Hà Nội,sổ hồng riêng,1.0,1.0
Nhà ở,81,15000000,Hà Nội,đã có sổ,3.0,5.0
Căn hộ/Chung cư,76,1100000000,Hà Nội,chưa rõ,1.0,1.0
Nhà ở,81,7500000000,Hà Nội,đã có sổ,3.0,4.0
Nhà ở,77,20000000,Hà Nội,đã có sổ,5.0,3.0
Nhà ở,77,2000000,Hà Nội,đã có sổ,5.0,2.0
Nhà ở,76,24500000000,Hà Nội,đã có sổ,6.0,4.0
Căn hộ/Chung cư,76,4550000000,Hà Nội,sổ hồng riêng,3.0,2.0
Căn hộ/Chung cư,123,3670000000,Hà Nội,sổ hồng riêng,2.0,1.0
Căn hộ/Chung cư,78,8900000,Hà Nội,không có sổ,2.0,1.0
Nhà ở,121,18000000,Hà Nội,đã có sổ,4.0,3.0
Nhà ở,86,14500000000,Hà Nội,đã có sổ,9.0,7.0
Nhà ở,79,7000000000,Hà Nội,đã có sổ,3.0,3.0
Nhà ở,77,8600000000,Hà Nội,đã có sổ,3.0,4.0
Nhà ở,77,7900000000,Hà Nội,đã có sổ,4.0,4.0
Nhà ở,80,7900000000,Phố Giáp Nhị,đã có sổ,3.0,2.0
Căn hộ/Chung cư,77,2250000000,Hà Nội,chưa rõ,2.0,1.0
Nhà ở,80,7000000000,Hà Nội,đã có sổ,6.0,4.0
Nhà ở,77,19700000000,Hà Nội,đã có sổ,7.0,7.0
Căn hộ/Chung cư,121,950000000,Hà Nội,chưa rõ,2.0,1.0
Nhà ở,75,12900000000,Hà Nội,đã có sổ,4.0,5.0
Căn hộ/Chung cư,121,2950000111,Hà Nội,sổ hồng riêng,1.0,1.0
Nhà ở,78,3000000,Hà Nội,đã có sổ,3.0,3.0
Nhà ở,76,9499999999,Hà Nội,đã có sổ,5.0,6.0
Căn hộ/Chung cư,81,4450000000,Hà Nội,sổ hồng riêng,2.0,2.0
Căn hộ/Chung cư,78,6000000,Hà Nội,không có sổ,1.0,1.0
Căn hộ/Chung cư,75,1390000000,Hà Nội,chưa rõ,1.0,1.0
Nhà ở,80,7300000000,Hà Nội,đã có sổ,4.0,4.0
Nhà ở,86,4650000000,Hà Nội,đã có sổ,3.0,4.0
Nhà ở,74,12000000000,Hà Nội,đã có sổ,3.0,4.0
Căn hộ/Chung cư,81,1800000000,Hà Nội,sổ hồng riêng,2.0,2.0
Căn hộ/Chung cư,89,4250000000,The Golden An Khánh,sổ hồng riêng,2.0,1.0
Căn hộ/Chung cư,78,8500000,Hà Nội,không có sổ,1.0,1.0
Nhà ở,86,6880000000,Hà Nội,đã có sổ,6.0,4.0
Nhà ở,81,6500000000,Hà Nội,đã có sổ,3.0,3.0
Nhà ở,86,11700000000,Hà Nội,đã có sổ,4.0,4.0
Nhà ở,74,8200000000,Hà Nội,đã có sổ,4.0,4.0
Nhà ở,123,13000000,Hà Nội,đã có sổ,3.0,3.0
Nhà ở,75,5450000000,Hà Nội,đã có sổ,3.0,3.0
Nhà ở,121,8550000000,Hà Nội,đã có sổ,6.0,3.0
Nhà ở,76,5250000000,Hà Nội,đã có sổ,3.0,3.0
Nhà ở,80,7500000000,Hà Nội,đã có sổ,3.0,3.0
Nhà ở,89,4500000000,Hà Nội,không có sổ,3.0,4.0
Căn hộ/Chung cư,121,4250000,Hà Nội,chưa rõ,1.0,1.0
Nhà ở,79,5000000,Hà Nội,đã có sổ,1.0,1.0
Nhà ở,75,15000000000,Hà Nội,đã có sổ,3.0,5.0
Nhà ở,77,4500000,Hà Nội,đã có sổ,2.0,1.0
Nhà ở,82,4500000000,Hà Nội,đã có sổ,3.0,3.0
Nhà ở,129,12500000000,Hà Nội,đã có sổ,6.0,4.0
Nhà ở,75,7900000000,Hà Nội,đã có sổ,4.0,4.0
Căn hộ/Chung cư,75,7500000,Hà Nội,không có sổ,1.0,1.0
Căn hộ/Chung cư,123,3600000000,Hà Nội,sổ hồng riêng,2.0,1.0
Nhà ở,75,9500000000,Hà Nội,đã có sổ,4.0,4.0
Căn hộ/Chung cư,79,6300000000,Hà Nội,sổ hồng riêng,3.0,2.0
Căn hộ/Chung cư,76,3600000000,Hà Nội,sổ hồng riêng,3.0,2.0
Nhà ở,74,7950000000,Hà Nội,đã có sổ,4.0,4.0
Căn hộ/Chung cư,78,11000000,Hà Nội,sổ hồng riêng,2.0,2.0
Căn hộ/Chung cư,86,14000000,Hà Nội,sổ hồng riêng,3.0,2.0
Nhà ở,86,18000000000,Hà Nội,đã có sổ,5.0,5.0
Nhà ở,123,5500000,Hà Nội,đã có sổ,3.0,1.0
Nhà ở,121,6280000000,Hà Nội,đã có sổ,3.0,3.0
Nhà ở,79,8800000000,Hà Nội,đã có sổ,4.0,4.0
Nhà ở,121,7500000000,Hà Nội,đã có sổ,4.0,4.0
Căn hộ/Chung cư,78,7500000,Hà Nội,không có sổ,1.0,1.0
Nhà ở,81,5000000000,Hà Nội,đã có sổ,3.0,4.0
Nhà ở,80,6350000000,Hà Nội,đã có sổ,5.0,5.0
Căn hộ/Chung cư,75,9000000000,Hà Nội,sổ hồng riêng,2.0,2.0
Nhà ở,86,11500000000,Hà Nội,đã có sổ,4.0,3.0
Căn hộ/Chung cư,123,2350000000,"Xã Đa Tốn, Kiêu Kỵ, Dương Xá và một phần thị trấn Trâu Quỳ, Gia Lâm, Hà Nội",sổ hồng riêng,1.0,1.0
Căn hộ/Chung cư,86,4000000,Hà Nội,không có sổ,1.0,1.0
Căn hộ/Chung cư,75,8500000,Hà Nội,không có sổ,2.0,1.0
Căn hộ/Chung cư,121,15500000,Hà Nội,không có sổ,3.0,2.0
Nhà ở,75,6500000000,Hà Nội,đã có sổ,3.0,3.0
Căn hộ/Chung cư,121,7500000,Hà Nội,sổ hồng riêng,1.0,1.0
Nhà ở,121,8860000000,Hà Nội,đã có sổ,4.0,4.0
Nhà ở,74,7800000000,Hà Nội,đã có sổ,3.0,2.0
Nhà ở,121,5200000000,Hà Nội,đã có sổ,3.0,3.0
Căn hộ/Chung cư,76,5200000,Hà Nội,không có sổ,1.0,1.0
Nhà ở,82,5000000,Hà Nội,đã có sổ,5.0,1.0
Nhà ở,77,40000000,Hà Nội,đã có sổ,6.0,2.0
Nhà ở,80,7350000000,Hà Nội,đã có sổ,4.0,3.0
Căn hộ/Chung cư,86,2800000000,Hà Nội,chưa rõ,2.0,2.0
Nhà ở,80,7000000000,Hà Nội,đã có sổ,4.0,4.0
Căn hộ/Chung cư,121,16000000,Hà Nội,không có sổ,2.0,2.0
Nhà ở,86,24000000000,Hà Nội,đã có sổ,2.0,2.0
Căn hộ/Chung cư,123,7050000000,Hà Nội,sổ hồng riêng,3.0,2.0
Căn hộ/Chung cư,78,5500000,Hà Nội,sổ hồng riêng,1.0,1.0
Căn hộ/Chung cư,77,1700000000,Hà Nội,chưa rõ,1.0,1.0
Nhà ở,81,5000000000,Hà Nội,đã có sổ,3.0,4.0
Căn hộ/Chung cư,80,9000000,Hà Nội,sổ hồng riêng,3.0,2.0
Căn hộ/Chung cư,121,6750000000,Hà Nội,sổ hồng riêng,3.0,2.0
Nhà ở,86,2480000000,Hà Nội,đã có sổ,3.0,3.0
Nhà ở,76,4700000000,Hà Nội,đã có sổ,2.0,3.0
Nhà ở,129,7000000000,Thụy Phương,đã có sổ,6.0,7.0
Căn hộ/Chung cư,86,13500000,Hà Nội,sổ hồng riêng,3.0,2.0
Nhà ở,81,8500000000,Hà Nội,đã có sổ,3.0,4.0
Nhà ở,84,6350000000,Hà Nội,đã có sổ,5.0,4.0
Nhà ở,89,4500000000,Hà Nội,đã có sổ,4.0,4.0
Nhà ở,76,12000000000,Hà Nội,đã có sổ,11.0,7.0
Nhà ở,92,2980000000,Hà Nội,đã có sổ,3.0,3.0
Nhà ở,76,3000000000,Hà Nội,đã có sổ,3.0,4.0
Nhà ở,75,22000000000,Hà Nội,đã có sổ,6.0,3.0
Nhà ở,121,7850000000,Hà Nội,đã có sổ,3.0,3.0
Nhà ở,79,8600000000,Hà Nội,đã có sổ,3.0,4.0
Nhà ở,129,5100000000,Hà Nội,đã có sổ,4.0,4.0
Nhà ở,80,6150000000,Ngõ 22 Khuyến Lương,đã có sổ,3.0,4.0
Căn hộ/Chung cư,80,6000000000,Hà Nội,sổ hồng riêng,3.0,2.0
Nhà ở,76,4290000000,Hà Nội,đã có sổ,3.0,4.0
Nhà ở,129,12500000000,Hà Nội,đã có sổ,10.0,7.0
Nhà ở,86,8000000000,Hà Nội,đã có sổ,3.0,4.0
Căn hộ/Chung cư,121,7850000000,Hà Nội,sổ hồng riêng,3.0,2.0
Căn hộ/Chung cư,80,4000000000,Hà Nội,sổ hồng riêng,3.0,1.0
Nhà ở,80,7800000000,Hà Nội,đã có sổ,3.0,4.0
Nhà ở,76,6260000000,Hà Nội,đã có sổ,3.0,4.0
Nhà ở,121,28600000000,Hà Nội,đã có sổ,11.0,7.0
Nhà ở,75,37200000000,Hà Nội,đã có sổ,4.0,3.0
Nhà ở,75,8500000000,Hà Nội,đã có sổ,5.0,5.0
Nhà ở,79,19000000000,Hà Nội,đã có sổ,4.0,5.0
Căn hộ/Chung cư,80,7100000000,Hà Nội,sổ hồng riêng,3.0,2.0
Căn hộ/Chung cư,79,16500000,Hà Nội,sổ hồng riêng,3.0,2.0
Căn hộ/Chung cư,121,4800000,Hà Nội,không có sổ,1.0,1.0
Nhà ở,121,13000000000,Hà Nội,đã có sổ,4.0,4.0
Nhà ở,86,13800000000,Hà Nội,đã có sổ,3.0,3.0
Nhà ở,121,5300000000,Hà Nội,đã có sổ,3.0,4.0
Nhà ở,80,3600000000,Hà Nội,sổ hồng riêng,3.0,2.0
Căn hộ/Chung cư,121,6000000,Hà Nội,sổ hồng riêng,1.0,1.0
Căn hộ/Chung cư,84,6450000000,Hà Nội,sổ hồng riêng,3.0,2.0
Nhà ở,75,12200000000,Hà Nội,đã có sổ,4.0,5.0
Nhà ở,121,12500000000,Hà Nội,đã có sổ,4.0,3.0
Căn hộ/Chung cư,78,7000000,Hà Nội,không có sổ,1.0,1.0
Nhà ở,75,15000000000,Hà Nội,đã có sổ,4.0,4.0
Nhà ở,77,11000000000,Hà Nội,đã có sổ,4.0,2.0
Nhà ở,81,5000000000,Hà Nội,đã có sổ,3.0,4.0
Căn hộ/Chung cư,129,5500000000,Hà Nội,chưa rõ,2.0,2.0
Nhà ở,80,6350000000,Hà Nội,đã có sổ,3.0,3.0
Căn hộ/Chung cư,121,14500000,Hà Nội,không có sổ,2.0,2.0
Căn hộ/Chung cư,75,750000000,Hà Nội,sổ hồng riêng,2.0,1.0
Căn hộ/Chung cư,78,6150000,Hà Nội,chưa rõ,1.0,1.0
Căn hộ/Chung cư,86,7250000000,Hà Nội,sổ hồng riêng,4.0,2.0
Nhà ở,77,11600000000,Hà Nội,đã có sổ,5.0,4.0
Nhà ở,80,7550000000,Hà Nội,đã có sổ,3.0,4.0
Nhà ở,81,13200000000,Hà Nội,đã có sổ,4.0,3.0
Nhà ở,74,7450000000,Hà Nội,đã có sổ,4.0,5.0
Căn hộ/Chung cư,74,6200000,Hà Nội,không có sổ,1.0,1.0
Căn hộ/Chung cư,78,10000000,Hà Nội,không có sổ,1.0,1.0
Nhà ở,77,7300000000,Hà Nội,đã có sổ,4.0,4.0
Nhà ở,86,3950000000,Hà Nội,đã có sổ,4.0,4.0
Căn hộ/Chung cư,76,3900000,Hà Nội,không có sổ,1.0,1.0
Căn hộ/Chung cư,86,5500000000,Hà Nội,sổ hồng riêng,2.0,2.0
Nhà ở,86,9400000000,Hà Nội,đã có sổ,3.0,4.0
Nhà ở,81,5450000000,Hà Nội,đã có sổ,3.0,3.0
Căn hộ/Chung cư,121,6000000,Hà Nội,sổ hồng riêng,1.0,1.0
Căn hộ/Chung cư,80,5250000000,Hà Nội,sổ hồng riêng,3.0,2.0
Căn hộ/Chung cư,75,8000000,Hà Nội,sổ hồng riêng,2.0,1.0
Nhà ở,80,4700000,Hà Nội,đã có sổ,2.0,1.0
Nhà ở,77,7300000000,Hà Nội,đã có sổ,4.0,4.0
Căn hộ/Chung cư,76,20000000,Hà Nội,sổ hồng riêng,3.0,1.0
Nhà ở,121,11500000000,Hà Nội,đã có sổ,4.0,5.0
Nhà ở,80,9950000000,Hà Nội,đã có sổ,4.0,5.0
Nhà ở,75,6800000000,Hà Nội,đã có sổ,3.0,4.0
Nhà ở,76,13300000000,Hà Nội,đã có sổ,8.0,7.0
Nhà ở,74,6850000000,Hà Nội,đã có sổ,3.0,4.0
Nhà ở,74,7900000000,Hà Nội,đã có sổ,8.0,5.0
Căn hộ/Chung cư,79,8500000000,Hà Nội,đang chờ sổ,3.0,2.0
Nhà ở,80,7000000000,Hà Nội,đã có sổ,3.0,4.0
Nhà ở,75,14500000000,Đê La Thành,đã có sổ,11.0,7.0
Nhà ở,74,8800000000,Hà Nội,đã có sổ,4.0,5.0
Căn hộ/Chung cư,121,14000000,Hà Nội,sổ hồng riêng,2.0,2.0
Nhà ở,78,28800000000,Hà Nội,đã có sổ,6.0,6.0
Căn hộ/Chung cư,121,5250000,Hà Nội,chưa rõ,1.0,1.0
Căn hộ/Chung cư,121,9100000000,"Số 29 đường Tố Hữu, Phường Trung Văn, Quận Nam Từ Liêm, TP Hà Nội",sổ hồng riêng,3.0,3.0
Căn hộ/Chung cư,80,14800000000,Hà Nội,sổ hồng riêng,11.0,7.0
Nhà ở,79,18000000000,Hà Nội,đã có sổ,6.0,6.0
Nhà ở,81,13500000000,Hà Nội,đã có sổ,4.0,3.0
Căn hộ/Chung cư,129,4500000,Hà Nội,sổ hồng riêng,1.0,1.0
Nhà ở,78,12700000000,Hà Nội,đã có sổ,3.0,3.0
Nhà ở,80,8500000000,Hà Nội,đã có sổ,5.0,5.0
Nhà ở,80,3000000,Hà Nội,đã có sổ,1.0,1.0
Căn hộ/Chung cư,74,12000000,Hà Nội,không có sổ,2.0,1.0
Nhà ở,86,8900000000,Hà Nội,đã có sổ,6.0,4.0
Nhà ở,123,25000000,Hà Nội,đã có sổ,3.0,3.0
Nhà ở,86,7000000000,Hà Nội,đã có sổ,3.0,4.0
Nhà ở,77,9300000000,Hà Nội,đã có sổ,3.0,4.0
Nhà ở,82,4300000000,Hà Nội,đã có sổ,3.0,3.0
Căn hộ/Chung cư,77,37000000000,Hà Nội,sổ hồng riêng,11.0,7.0
Nhà ở,81,12800000000,Hà Nội,đã có sổ,4.0,6.0
Căn hộ/Chung cư,75,5400000000,Hà Nội,sổ hồng riêng,3.0,2.0
Nhà ở,75,11400000000,Phố Trần Quý Cáp,đã có sổ,4.0,5.0
Nhà ở,79,8400000000,Hà Nội,đã có sổ,3.0,3.0
Căn hộ/Chung cư,79,13500000,Hà Nội,sổ hồng riêng,2.0,2.0
Căn hộ/Chung cư,86,5690000000,Hà Nội,sổ hồng riêng,3.0,2.0
Căn hộ/Chung cư,79,8000000,Hà Nội,không có sổ,1.0,1.0
Căn hộ/Chung cư,77,16000000,Hà Nội,sổ hồng riêng,3.0,2.0
Nhà ở,86,5250000000,Hà Nội,đã có sổ,5.0,4.0
Căn hộ/Chung cư,77,6200000,Hà Nội,không có sổ,1.0,1.0
Nhà ở,75,22000000000,Hà Nội,đã có sổ,4.0,3.0
Nhà ở,77,17300000000,Hà Nội,đã có sổ,4.0,4.0
Nhà ở,84,22000000000,Hà Nội,đã có sổ,4.0,4.0
Nhà ở,121,31000000000,Hà Nội,đã có sổ,5.0,6.0
Nhà ở,121,16000000,Hà Nội,đã có sổ,6.0,4.0
Nhà ở,74,12800000000,Hà Nội,đã có sổ,3.0,4.0
Nhà ở,81,13500000000,Hà Nội,đã có sổ,4.0,5.0
Nhà ở,79,11500000000,Hà Nội,đã có sổ,3.0,4.0
Căn hộ/Chung cư,123,2410000000,Hà Nội,sổ hồng riêng,1.0,1.0
Nhà ở,77,29000000000,Hà Nội,đã có sổ,6.0,7.0
Căn hộ/Chung cư,76,10800000000,Hà Nội,sổ hồng riêng,3.0,2.0
Nhà ở,80,9500000,Hà Nội,đã có sổ,3.0,3.0
Căn hộ/Chung cư,121,4520000000,Hà Nội,sổ hồng riêng,2.0,1.0
Căn hộ/Chung cư,121,3700000000,Hà Nội,sổ hồng riêng,2.0,1.0
Nhà ở,76,3000000,Hà Nội,đã có sổ,1.0,1.0
Nhà ở,74,6900000000,Phố Đội Cấn,đã có sổ,3.0,4.0
Nhà ở,77,8100000000,Hà Nội,đã có sổ,4.0,4.0
Căn hộ/Chung cư,75,5380000000,Hà Nội,sổ hồng riêng,2.0,2.0
Nhà ở,75,7290000000,Hà Nội,đã có sổ,4.0,4.0
Căn hộ/Chung cư,80,5500000,Hà Nội,sổ hồng riêng,1.0,1.0
Nhà ở,80,2800000000,Hà Nội,sổ hồng riêng,3.0,3.0
Căn hộ/Chung cư,80,6850000000,Hà Nội,sổ hồng riêng,3.0,2.0
Căn hộ/Chung cư,81,4000000000,Hà Nội,sổ hồng riêng,3.0,2.0
Nhà ở,80,5500000000,Hà Nội,đã có sổ,6.0,4.0
Căn hộ/Chung cư,79,6000000,Hà Nội,không có sổ,1.0,1.0
Nhà ở,86,6550000000,Hà Nội,đã có sổ,4.0,3.0
Nhà ở,75,9500000000,Hà Nội,đã có sổ,4.0,5.0
Nhà ở,79,18000000000,Hà Nội,đã có sổ,11.0,7.0
Nhà ở,121,9600000000,Hà Nội,đã có sổ,4.0,2.0
Nhà ở,81,13800000000,Hà Nội,đã có sổ,3.0,5.0
Nhà ở,81,22500000000,Hà Nội,đã có sổ,4.0,5.0
Căn hộ/Chung cư,86,3500000000,Hà Nội,chưa rõ,2.0,2.0
Nhà ở,79,70000000000,Hà Nội,đã có sổ,11.0,7.0
Căn hộ/Chung cư,80,3250000000,Hà Nội,chưa rõ,2.0,2.0
Căn hộ/Chung cư,121,19000000,Hà Nội,không có sổ,3.0,2.0
Nhà ở,79,7300000000,Hà Nội,đã có sổ,4.0,4.0
Nhà ở,76,6350000000,Hà Nội,đã có sổ,4.0,4.0
Nhà ở,86,7000000000,Hà Nội,đã có sổ,3.0,4.0
Căn hộ/Chung cư,76,10000000,Hà Nội,không có sổ,3.0,2.0
Nhà ở,73,9500000,Hà Nội,sổ hồng riêng,2.0,2.0
Căn hộ/Chung cư,78,13500000,Hà Nội,sổ hồng riêng,2.0,2.0
Nhà ở,79,15800000000,Hà Nội,đã có sổ,5.0,4.0
Nhà ở,89,9000000,Hà Nội,đã có sổ,4.0,3.0
Căn hộ/Chung cư,78,4300000,Hà Nội,sổ hồng riêng,1.0,1.0
Nhà ở,121,12900000,Hà Nội,đã có sổ,2.0,3.0
Nhà ở,78,11500000000,Hà Nội,đã có sổ,3.0,4.0
Nhà ở,86,6000000000,Hà Nội,đã có sổ,3.0,3.0
Nhà ở,75,3700000000,Hà Nội,đã có sổ,3.0,2.0
Căn hộ/Chung cư,79,4500000,Hà Nội,sổ hồng riêng,1.0,1.0
Căn hộ/Chung cư,84,10000000,Hà Nội,không có sổ,2.0,2.0
Nhà ở,86,9000000000,Hà Nội,đã có sổ,8.0,7.0
Căn hộ/Chung cư,80,8000000,Hà Nội,sổ hồng riêng,2.0,2.0
Căn hộ/Chung cư,121,5250000,Hà Nội,chưa rõ,1.0,1.0
Căn hộ/Chung cư,121,11500000,Hà Nội,không có sổ,2.0,2.0
Căn hộ/Chung cư,77,6600000,Hà Nội,không có sổ,1.0,1.0
Căn hộ/Chung cư,121,19000000,Hà Nội,không có sổ,3.0,2.0
Nhà ở,80,6500000,Hà Nội,đã có sổ,1.0,1.0
Nhà ở,86,6850000000,Hà Nội,đã có sổ,4.0,3.0
Nhà ở,80,9000000000,Hà Nội,đã có sổ,4.0,4.0
Căn hộ/Chung cư,77,6600000,Hà Nội,không có sổ,1.0,1.0
Căn hộ/Chung cư,79,6300000,Hà Nội,sổ hồng riêng,1.0,1.0
Nhà ở,79,12500000000,Hà Nội,đã có sổ,4.0,4.0
Nhà ở,80,10500000000,Hà Nội,đã có sổ,4.0,5.0
Nhà ở,78,8800000000,Hà Nội,đã có sổ,3.0,3.0
Nhà ở,79,15500000000,Hà Nội,đã có sổ,6.0,4.0
Căn hộ/Chung cư,78,26500000000,Hà Nội,sổ hồng riêng,10.0,7.0
Nhà ở,76,3350000000,Hà Nội,đã có sổ,2.0,3.0
Nhà ở,77,6000000000,Hà Nội,đã có sổ,4.0,3.0
Căn hộ/Chung cư,123,2290000000,Hà Nội,sổ hồng riêng,1.0,1.0
Căn hộ/Chung cư,78,12000000,Hà Nội,không có sổ,2.0,2.0
Căn hộ/Chung cư,123,6690000000,Hà Nội,sổ hồng riêng,3.0,2.0
Nhà ở,86,3000000000,Hà Nội,đã có sổ,4.0,3.0
Nhà ở,74,19200000000,Hà Nội,đã có sổ,5.0,4.0
Nhà ở,76,23900000000,Hà Nội,đã có sổ,5.0,6.0
Nhà ở,89,5500000000,Hà Nội,đã có sổ,4.0,4.0
Nhà ở,75,7850000000,Hà Nội,đã có sổ,3.0,4.0
Nhà ở,92,3750000000,Hà Nội,đã có sổ,3.0,4.0
Nhà ở,81,6800000000,Hà Nội,đã có sổ,3.0,3.0
Nhà ở,86,6200000000,Hà Nội,đã có sổ,4.0,4.0
Nhà ở,121,17500000000,Hà Nội,đã có sổ,11.0,7.0
Căn hộ/Chung cư,121,13500000,Hà Nội,không có sổ,1.0,1.0
Nhà ở,84,7980000000,Hà Nội,đã có sổ,3.0,4.0
Nhà ở,76,6250000000,Hà Nội,đã có sổ,3.0,3.0
Căn hộ/Chung cư,123,4500000000,Hà Nội,sổ hồng riêng,2.0,1.0
Nhà ở,81,6000000000,Hà Nội,đã có sổ,3.0,4.0
Nhà ở,89,4000000000,Hà Nội,đã có sổ,3.0,3.0
Nhà ở,86,7850000000,Hà Nội,đã có sổ,5.0,4.0
Nhà ở,121,9400000000,Hà Nội,đã có sổ,4.0,4.0
Nhà ở,84,5000000,Hà Nội,đã có sổ,3.0,3.0
Nhà ở,121,6500000000,Hà Nội,đã có sổ,3.0,4.0
Nhà ở,74,8900000000,Hà Nội,đã có sổ,3.0,3.0
Căn hộ/Chung cư,76,6600000000,Hà Nội,sổ hồng riêng,2.0,2.0
Nhà ở,78,16500000000,Hà Nội,đã có sổ,4.0,5.0
Nhà ở,80,7000000000,Hà Nội,đã có sổ,4.0,4.0
Nhà ở,89,5500000000,Hà Nội,đã có sổ,4.0,4.0
Căn hộ/Chung cư,78,13500000,Hà Nội,sổ hồng riêng,2.0,2.0
Nhà ở,77,11500000000,Hà Nội,đã có sổ,4.0,4.0
Căn hộ/Chung cư,123,3600000000,"Xã Đa Tốn, Kiêu Kỵ, Dương Xá và một phần thị trấn Trâu Quỳ, Gia Lâm, Hà Nội",sổ hồng riêng,2.0,1.0
Nhà ở,80,6500000000,Hà Nội,đã có sổ,3.0,4.0
Nhà ở,78,13500000000,Hà Nội,đã có sổ,6.0,4.0
Nhà ở,76,5000000000,Hà Nội,đã có sổ,3.0,4.0
Nhà ở,121,9200000000,Hà Nội,đã có sổ,4.0,4.0
Nhà ở,77,7300000000,Hà Nội,đã có sổ,4.0,4.0
Nhà ở,80,5350000000,Hà Nội,đã có sổ,3.0,3.0
Nhà ở,74,7900000000,Hà Nội,đã có sổ,3.0,4.0
Nhà ở,77,2250000000,Hà Nội,sổ hồng riêng,2.0,1.0
Căn hộ/Chung cư,84,3800000,Hà Nội,không có sổ,1.0,1.0
Căn hộ/Chung cư,129,6300000,Hà Nội,không có sổ,2.0,1.0
Nhà ở,80,1700000000,Hà Nội,chưa rõ,2.0,2.0
Nhà ở,73,9000000,Hà Nội,đã có sổ,2.0,2.0
Căn hộ/Chung cư,121,10500000,Hà Nội,sổ hồng riêng,1.0,1.0
Nhà ở,79,11500000000,Hà Nội,đã có sổ,3.0,4.0
Nhà ở,79,6500000000,Hà Nội,đã có sổ,6.0,5.0
Căn hộ/Chung cư,78,11000000,Hà Nội,sổ hồng riêng,2.0,2.0
Căn hộ/Chung cư,129,4000000,Hà Nội,sổ hồng riêng,1.0,1.0
Nhà ở,76,15350000000,Hà Nội,đã có sổ,8.0,7.0
Nhà ở,81,7000000000,Hà Nội,đã có sổ,4.0,5.0
Nhà ở,79,36000000000,Hà Nội,đã có sổ,5.0,5.0
Nhà ở,75,13100000000,Hà Nội,đã có sổ,2.0,4.0
Nhà ở,76,7690000000,Hà Nội,đã có sổ,4.0,4.0
Nhà ở,79,13500000000,Hà Nội,đã có sổ,4.0,5.0
Nhà ở,129,28500000000,Hà Nội,đã có sổ,4.0,4.0
Nhà ở,79,11300000000,Hà Nội,đã có sổ,5.0,6.0
Nhà ở,75,10200000000,Hà Nội,đã có sổ,4.0,3.0
Nhà ở,81,13500000000,Hà Nội,đã có sổ,4.0,3.0
Căn hộ/Chung cư,75,7400000000,Hà Nội,chưa rõ,2.0,2.0
Nhà ở,89,4000000000,Hà Nội,đã có sổ,3.0,3.0
Nhà ở,75,9500000000,Hà Nội,đã có sổ,4.0,5.0
Nhà ở,86,12000000,Hà Nội,đã có sổ,3.0,3.0
Nhà ở,89,73000000000,Hà Nội,chưa rõ,5.0,6.0
Căn hộ/Chung cư,86,6000000000,Hà Nội,sổ hồng riêng,3.0,2.0
Nhà ở,129,14200000000,Hà Nội,đã có sổ,10.0,7.0
Nhà ở,88,5800000000,Hà Nội,đã có sổ,3.0,4.0
Nhà ở,86,5400000000,Hà Nội,đã có sổ,4.0,5.0
Căn hộ/Chung cư,89,3724000000,Hà Nội,chưa rõ,2.0,2.0
Nhà ở,77,13400000000,Hà Nội,đã có sổ,4.0,4.0
Nhà ở,75,14200000000,Hà Nội,đã có sổ,4.0,3.0
Căn hộ/Chung cư,78,7500000,Hà Nội,không có sổ,1.0,1.0
Căn hộ/Chung cư,121,11500000,Hà Nội,không có sổ,2.0,1.0
Căn hộ/Chung cư,79,7850000000,Hà Nội,sổ hồng riêng,3.0,2.0
Căn hộ/Chung cư,121,6500000000,Hà Nội,sổ hồng riêng,3.0,2.0
Căn hộ/Chung cư,77,2650000000,Hà Nội,sổ hồng riêng,3.0,3.0
Nhà ở,80,15500000000,Hà Nội,đã có sổ,4.0,5.0
Nhà ở,80,6000000000,Hà Nội,đã có sổ,3.0,4.0
Căn hộ/Chung cư,123,4650000000,Yên Viên,sổ hồng riêng,3.0,2.0
Nhà ở,129,6300000000,Hà Nội,đã có sổ,3.0,4.0
Căn hộ/Chung cư,80,8400000,Hà Nội,không có sổ,2.0,2.0
Căn hộ/Chung cư,78,7000000,Hà Nội,không có sổ,1.0,1.0
Căn hộ/Chung cư,80,3000000000,Hà Nội,sổ hồng riêng,2.0,2.0
Nhà ở,121,8200000000,Hà Nội,đã có sổ,6.0,4.0
Căn hộ/Chung cư,121,6500000,Hà Nội,sổ hồng riêng,2.0,2.0
Nhà ở,80,6350000000,Hà Nội,đã có sổ,3.0,4.0
Nhà ở,75,4700000000,Hà Nội,đã có sổ,2.0,2.0
Căn hộ/Chung cư,121,7000000,Hà Nội,sổ hồng riêng,1.0,1.0
Nhà ở,86,7200000000,Hà Nội,đã có sổ,3.0,4.0
Căn hộ/Chung cư,75,16000000,Hà Nội,sổ hồng riêng,2.0,1.0
Nhà ở,86,6360000000,Hà Nội,đã có sổ,4.0,5.0
Nhà ở,74,5950000000,Hà Nội,đã có sổ,3.0,4.0
Nhà ở,81,60500000000,Hà Nội,đã có sổ,6.0,6.0
Nhà ở,77,37900000000,Hà Nội,đã có sổ,1.0,1.0
Căn hộ/Chung cư,121,950000000,Hà Nội,sổ hồng riêng,2.0,2.0
Căn hộ/Chung cư,80,8000000000,Hà Nội,sổ hồng riêng,3.0,2.0
Nhà ở,80,6500000000,Hà Nội,đã có sổ,3.0,4.0
Nhà ở,77,20500000000,Hà Nội,đã có sổ,11.0,7.0
Nhà ở,89,4700000000,Hà Nội,đã có sổ,3.0,4.0
Nhà ở,74,22000000000,Hà Nội,đã có sổ,5.0,5.0
Nhà ở,75,18300000000,Hà Nội,đã có sổ,4.0,4.0
Nhà ở,84,4250000000,Hà Nội,đã có sổ,3.0,2.0
Nhà ở,129,7450000000,Hà Nội,đã có sổ,9.0,5.0
Căn hộ/Chung cư,75,8500000,Hà Nội,sổ hồng riêng,1.0,1.0
Nhà ở,86,39000000000,Hà Nội,đã có sổ,6.0,6.0
Căn hộ/Chung cư,74,12200000,Hà Nội,không có sổ,1.0,1.0
Căn hộ/Chung cư,81,7000000,Hà Nội,sổ hồng riêng,2.0,1.0
Nhà ở,86,6000000000,Hà Nội,đã có sổ,4.0,4.0
Căn hộ/Chung cư,81,13500000,Hà Nội,sổ hồng riêng,3.0,2.0
Nhà ở,121,7700000000,Hà Nội,đã có sổ,4.0,4.0
Nhà ở,77,18350000000,Hà Nội,đã có sổ,6.0,6.0
Căn hộ/Chung cư,78,8000000,Hà Nội,không có sổ,1.0,1.0
Nhà ở,124,3300000000,Hà Nội,đã có sổ,1.0,1.0
Nhà ở,75,15000000000,Hà Nội,đã có sổ,4.0,4.0
Nhà ở,77,15500000000,Hà Nội,đã có sổ,3.0,3.0
Nhà ở,81,28000000000,Hà Nội,đã có sổ,3.0,5.0
Nhà ở,76,450000000000,Hà Nội,đã có sổ,4.0,4.0
Nhà ở,86,5750000000,Hà Nội,đã có sổ,5.0,3.0
Nhà ở,75,4800000000,Hà Nội,đã có sổ,3.0,4.0
Căn hộ/Chung cư,78,13500000,Hà Nội,sổ hồng riêng,2.0,2.0
Căn hộ/Chung cư,121,5500000,Hà Nội,không có sổ,2.0,1.0
Nhà ở,129,6500000000,Hà Nội,đã có sổ,6.0,4.0
Nhà ở,75,8100000000,Hà Nội,đã có sổ,4.0,4.0
Nhà ở,75,20000000000,Hà Nội,đã có sổ,4.0,4.0
Nhà ở,82,5700000000,Hà Nội,đã có sổ,3.0,3.0
Căn hộ/Chung cư,75,9600000000,Hà Nội,sổ hồng riêng,3.0,2.0
Nhà ở,81,5850000000,Hà Nội,đã có sổ,3.0,4.0
Nhà ở,75,8150000000,Hà Nội,đã có sổ,3.0,4.0
Căn hộ/Chung cư,80,15000000,Hà Nội,không có sổ,4.0,2.0
Nhà ở,74,7100000000,Hà Nội,đã có sổ,3.0,4.0
Nhà ở,79,13100000000,Hà Nội,đã có sổ,9.0,7.0
Nhà ở,79,10000000,Hà Nội,đã có sổ,2.0,1.0
Nhà ở,86,5980000000,Hà Nội,đã có sổ,3.0,4.0
Nhà ở,86,5950000000,Hà Nội,đã có sổ,4.0,3.0
Nhà ở,121,6900000000,Hà Nội,đã có sổ,4.0,3.0
Nhà ở,80,6500000000,Hà Nội,đã có sổ,3.0,4.0
Nhà ở,76,7980000000,Hà Nội,đã có sổ,4.0,3.0
Nhà ở,89,4000000000,Hà Nội,đã có sổ,3.0,3.0
Căn hộ/Chung cư,74,8000000,Hà Nội,sổ hồng riêng,1.0,1.0
Căn hộ/Chung cư,77,5500000000,Hà Nội,sổ hồng riêng,2.0,1.0
Nhà ở,82,4750000000,Hà Nội,đã có sổ,4.0,4.0
Căn hộ/Chung cư,121,5200000,Hà Nội,sổ hồng riêng,1.0,1.0
Nhà ở,75,4800000000,Hà Nội,đã có sổ,2.0,2.0
Nhà ở,89,7800000000,Hà Nội,đã có sổ,4.0,3.0
Nhà ở,86,16800000000,Hà Nội,đã có sổ,4.0,4.0
Nhà ở,121,7480000000,Hà Nội,đã có sổ,6.0,3.0
Nhà ở,86,7700000000,Hà Nội,đã có sổ,2.0,1.0
Nhà ở,83,3100000000,Hà Nội,đã có sổ,2.0,1.0
Nhà ở,75,2800000000,Hà Nội,đã có sổ,2.0,2.0
Căn hộ/Chung cư,123,4350000000,Hà Nội,sổ hồng riêng,2.0,2.0
Nhà ở,86,6750000000,Hà Nội,đã có sổ,4.0,3.0
Căn hộ/Chung cư,78,12000000,Hà Nội,không có sổ,1.0,1.0
Căn hộ/Chung cư,74,7500000,Hà Nội,sổ hồng riêng,3.0,1.0
Nhà ở,77,50000000,Hà Nội,đã có sổ,8.0,7.0
Nhà ở,89,5200000000,Hà Nội,đã có sổ,3.0,4.0
Nhà ở,129,6500000000,Hà Nội,đã có sổ,2.0,3.0
Nhà ở,80,7000000000,Hà Nội,đã có sổ,3.0,4.0
Căn hộ/Chung cư,79,6650000000,Hà Nội,sổ hồng riêng,3.0,2.0
Nhà ở,79,8800000000,Hà Nội,đã có sổ,3.0,4.0
Căn hộ/Chung cư,121,9000000,Hà Nội,sổ hồng riêng,2.0,2.0
Nhà ở,78,7600000000,Hà Nội,đã có sổ,3.0,4.0
Nhà ở,75,18150000000,Hà Nội,đã có sổ,6.0,5.0
Nhà ở,79,13100000000,Hà Nội,đã có sổ,9.0,5.0
Nhà ở,76,19000000000,Hà Nội,đã có sổ,2.0,2.0
Căn hộ/Chung cư,78,6800000,Hà Nội,không có sổ,1.0,1.0
Căn hộ/Chung cư,121,4200000000,Hà Nội,chưa rõ,2.0,2.0
Nhà ở,81,6500000000,Hà Nội,đã có sổ,4.0,3.0
Căn hộ/Chung cư,78,6000000,Hà Nội,chưa rõ,1.0,1.0
Căn hộ/Chung cư,75,800000000,Hà Nội,sổ hồng riêng,2.0,1.0
Nhà ở,86,8800000000,Hà Nội,đã có sổ,3.0,2.0
Căn hộ/Chung cư,121,17500000000,Hà Nội,sổ hồng riêng,11.0,7.0
Nhà ở,75,6980000000,Hà Nội,đã có sổ,3.0,3.0
Nhà ở,78,12500000,Hà Nội,đã có sổ,4.0,4.0
Căn hộ/Chung cư,80,7550000000,Hà Nội,sổ hồng riêng,3.0,2.0
Căn hộ/Chung cư,80,7000000000,Hà Nội,sổ hồng riêng,3.0,2.0
Căn hộ/Chung cư,78,6000000,Hà Nội,không có sổ,1.0,1.0
Căn hộ/Chung cư,81,13500000,Hà Nội,sổ hồng riêng,3.0,2.0
Nhà ở,76,3815000000,Hà Nội,đã có sổ,3.0,3.0
Căn hộ/Chung cư,78,6150000,Hà Nội,chưa rõ,1.0,1.0
Nhà ở,76,7500000,Hà Nội,đã có sổ,2.0,3.0
Nhà ở,80,4880000000,Hà Nội,đã có sổ,2.0,3.0
Căn hộ/Chung cư,121,6700000000,Hà Nội,sổ hồng riêng,3.0,2.0
Căn hộ/Chung cư,80,4750000000,Hà Nội,sổ hồng riêng,2.0,2.0
Nhà ở,121,16000000,Hà Nội,đã có sổ,6.0,6.0
Căn hộ/Chung cư,86,6000000000,Hà Nội,chưa rõ,3.0,2.0
Nhà ở,73,3950000000,Hà Nội,đã có sổ,3.0,3.0
Nhà ở,80,8650000000,Hà Nội,đã có sổ,6.0,4.0
Căn hộ/Chung cư,86,3920000000,Hà Nội,sổ hồng riêng,2.0,2.0
Nhà ở,74,7300000000,Hà Nội,đã có sổ,3.0,4.0
Nhà ở,77,20000000,Hà Nội,đã có sổ,5.0,3.0
Căn hộ/Chung cư,76,4450000000,Hà Nội,sổ hồng riêng,4.0,2.0
Nhà ở,129,17900000000,Hà Nội,đã có sổ,6.0,4.0
Căn hộ/Chung cư,77,3400000000,Hà Nội,sổ hồng riêng,2.0,2.0
Nhà ở,79,39300000000,Hà Nội,đã có sổ,8.0,7.0
Căn hộ/Chung cư,81,1700000000,Hà Nội,chưa rõ,2.0,2.0
Nhà ở,129,12500000000,Hà Nội,đã có sổ,3.0,3.0
Nhà ở,82,4000000000,Hà Nội,đã có sổ,3.0,3.0
Nhà ở,81,6500000000,Hà Nội,đã có sổ,3.0,4.0
Căn hộ/Chung cư,76,750000000,Hà Nội,sổ hồng riêng,2.0,1.0
Nhà ở,121,16500000,Hà Nội,đã có sổ,4.0,3.0
Nhà ở,79,14800000000,Hà Nội,đã có sổ,3.0,4.0
Nhà ở,86,8300000000,Hà Nội,đã có sổ,2.0,3.0
Nhà ở,86,6000000000,Hà Nội,đã có sổ,5.0,5.0
Nhà ở,74,11000000000,Hà Nội,đã có sổ,6.0,3.0
Nhà ở,74,14000000,Hà Nội,đã có sổ,3.0,3.0
Nhà ở,86,4500000000,Hà Nội,đã có sổ,3.0,4.0
Căn hộ/Chung cư,76,2150000000,Hà Nội,sổ hồng riêng,2.0,1.0
Căn hộ/Chung cư,79,5700000,Hà Nội,không có sổ,1.0,1.0
Nhà ở,78,2600000000,Hà Nội,đã có sổ,2.0,2.0
Nhà ở,77,10150000000,Hà Nội,đã có sổ,4.0,5.0
Nhà ở,129,22500000000,Hà Nội,đã có sổ,8.0,6.0
Căn hộ/Chung cư,75,12000000,Hà Nội,sổ hồng riêng,2.0,1.0
Nhà ở,86,6950000000,Hà Nội,đã có sổ,4.0,4.0
Nhà ở,86,5500000,Hà Nội,đã có sổ,3.0,1.0
Căn hộ/Chung cư,86,22868686868,Hà Nội,sổ hồng riêng,5.0,4.0
Căn hộ/Chung cư,121,10000000,Hà Nội,sổ hồng riêng,2.0,1.0
Nhà ở,77,12500000000,Hà Nội,đã có sổ,7.0,3.0
Căn hộ/Chung cư,77,4800000000,Hà Nội,sổ hồng riêng,2.0,2.0
Căn hộ/Chung cư,77,8000000,Hà Nội,sổ hồng riêng,2.0,1.0
Nhà ở,129,6000000,Hà Nội,đã có sổ,2.0,1.0
Nhà ở,80,1350000000,Hà Nội,sổ hồng riêng,2.0,3.0
Nhà ở,123,35000000,Hà Nội,đã có sổ,5.0,4.0
Nhà ở,89,5100000000,Hà Nội,đã có sổ,4.0,4.0
Căn hộ/Chung cư,84,2870000000,Hà Nội,chưa rõ,2.0,2.0
Nhà ở,84,5800000000,Hà Nội,đã có sổ,4.0,4.0
Nhà ở,121,8000000000,Hà Nội,đã có sổ,3.0,4.0
Nhà ở,78,3400000000,Hà Nội,không có sổ,1.0,2.0
Căn hộ/Chung cư,80,5550000000,Hà Nội,sổ hồng riêng,2.0,1.0
Nhà ở,80,1680000000,Hà Nội,chưa rõ,2.0,2.0
Nhà ở,81,16000000,Hà Nội,đã có sổ,2.0,2.0
Nhà ở,121,9500000000,Hà Nội,đã có sổ,4.0,4.0
Nhà ở,86,20000000000,Hà Nội,đã có sổ,5.0,4.0
Căn hộ/Chung cư,121,3350000000,Hà Nội,sổ hồng riêng,1.0,1.0
Nhà ở,80,5900000000,Hà Nội,đã có sổ,4.0,4.0
Nhà ở,79,32500000000,Hà Nội,đã có sổ,8.0,7.0
Căn hộ/Chung cư,76,2150000000,Hà Nội,sổ hồng riêng,1.0,1.0
Nhà ở,78,10500000000,Hà Nội,đã có sổ,3.0,4.0
Nhà ở,79,35500000000,Hà Nội,đã có sổ,7.0,4.0
Căn hộ/Chung cư,80,4500000000,Hà Nội,sổ hồng riêng,2.0,2.0
Căn hộ/Chung cư,78,12000000,Hà Nội,không có sổ,1.0,1.0
Căn hộ/Chung cư,79,10000000,Hà Nội,sổ hồng riêng,2.0,1.0
Nhà ở,80,8750000000,Hà Nội,đã có sổ,6.0,3.0
Nhà ở,80,6100000000,Hà Nội,đã có sổ,5.0,3.0
Nhà ở,75,6800000000,Hà Nội,đã có sổ,3.0,4.0
Nhà ở,79,20500000000,Hà Nội,đã có sổ,8.0,7.0
Nhà ở,80,13300000000,Hà Nội,đã có sổ,3.0,3.0
Nhà ở,79,11000000,Hà Nội,đã có sổ,1.0,1.0
Nhà ở,78,13000000,Hà Nội,đã có sổ,4.0,4.0
Nhà ở,75,12800000000,Hà Nội,đã có sổ,11.0,7.0
Nhà ở,74,6900000000,Hà Nội,đã có sổ,4.0,4.0
Nhà ở,86,5800000000,Hà Nội,đã có sổ,3.0,3.0
Nhà ở,75,13000000000,Hà Nội,đã có sổ,3.0,4.0
Nhà ở,89,3720000000,Hà Nội,đã có sổ,3.0,4.0
Nhà ở,86,5900000000,Hà Nội,đã có sổ,3.0,4.0
Căn hộ/Chung cư,121,12500000,Hà Nội,không có sổ,2.0,2.0
Nhà ở,81,13900000000,Hà Nội,đã có sổ,3.0,4.0
Nhà ở,86,5600000000,Hà Nội,đã có sổ,3.0,4.0
Nhà ở,78,6950000000,Hà Nội,đã có sổ,3.0,4.0
Nhà ở,123,11000000000,Hà Nội,đã có sổ,6.0,4.0
Nhà ở,121,7500000000,Hà Nội,đã có sổ,4.0,4.0
Nhà ở,74,8200000000,Hà Nội,đã có sổ,4.0,5.0
Nhà ở,75,4800000000,Hà Nội,đã có sổ,3.0,4.0
Nhà ở,80,3790000000,Hà Nội,không có sổ,4.0,3.0
Nhà ở,86,7000000000,Hà Nội,đã có sổ,4.0,3.0
Nhà ở,86,2790000000,Hà Nội,đã có sổ,3.0,3.0
Nhà ở,81,5500000,Hà Nội,đã có sổ,1.0,1.0
Nhà ở,121,3600000000,Hà Nội,đang chờ sổ,2.0,2.0
Nhà ở,81,6000000000,Hà Nội,đã có sổ,3.0,3.0
Nhà ở,80,7700000000,Hà Nội,đã có sổ,3.0,4.0
Nhà ở,80,18800000000,Hà Nội,đã có sổ,11.0,7.0
Căn hộ/Chung cư,79,12000000,Hà Nội,không có sổ,2.0,1.0
Nhà ở,75,7000000,Hà Nội,đã có sổ,3.0,3.0
Nhà ở,129,12000000,Hà Nội,đã có sổ,4.0,4.0
Căn hộ/Chung cư,75,1550000000,Hà Nội,chưa rõ,1.0,1.0
Căn hộ/Chung cư,123,3150000000,Hà Nội,sổ hồng riêng,1.0,1.0
Nhà ở,79,7900000000,Hà Nội,đã có sổ,3.0,3.0
Nhà ở,74,12500000,Hà Nội,đã có sổ,3.0,4.0
Nhà ở,74,14600000000,Hà Nội,đã có sổ,3.0,4.0
Nhà ở,74,7980000000,Hà Nội,đã có sổ,3.0,4.0
Căn hộ/Chung cư,80,4250000000,Hà Nội,sổ hồng riêng,2.0,1.0
Nhà ở,76,8610000000,Hà Nội,đã có sổ,4.0,3.0
Nhà ở,89,4800000000,Hà Nội,đã có sổ,4.0,5.0
Nhà ở,81,8650000000,Hà Nội,đã có sổ,3.0,4.0
Nhà ở,77,18000000,Hà Nội,đã có sổ,4.0,5.0
Nhà ở,80,7500000000,Hà Nội,đã có sổ,4.0,3.0
Nhà ở,84,5350000000,Hà Nội,đã có sổ,3.0,3.0
Căn hộ/Chung cư,80,8000000,Hà Nội,sổ hồng riêng,2.0,2.0
Nhà ở,80,23000000,Hà Nội,đã có sổ,4.0,5.0
Nhà ở,77,17500000000,Hà Nội,đã có sổ,4.0,4.0
Căn hộ/Chung cư,74,6500000,Hà Nội,không có sổ,1.0,1.0
Căn hộ/Chung cư,129,7750000000,Hà Nội,sổ hồng riêng,2.0,2.0
Nhà ở,77,18610000000,Hà Nội,đã có sổ,4.0,5.0
Căn hộ/Chung cư,79,5750000000,Hà Nội,sổ hồng riêng,2.0,2.0
Nhà ở,92,2800000000,Hà Nội,đã có sổ,4.0,3.0
Nhà ở,79,14000000000,Hà Nội,đã có sổ,11.0,7.0
Căn hộ/Chung cư,77,4550000000,Hà Nội,sổ hồng riêng,1.0,1.0
Nhà ở,75,4800000000,Hà Nội,đã có sổ,2.0,2.0
Nhà ở,73,18950000000,Hà Nội,đã có sổ,3.0,3.0
Căn hộ/Chung cư,77,4500000000,Hà Nội,sổ hồng riêng,2.0,1.0
Nhà ở,121,5900000000,Hà Nội,đã có sổ,3.0,3.0
Căn hộ/Chung cư,121,5650000000,Hà Nội,sổ hồng riêng,2.0,2.0
Căn hộ/Chung cư,84,3550000000,Hà Nội,sổ hồng riêng,2.0,2.0
Nhà ở,75,17500000000,Hà Nội,đã có sổ,4.0,4.0
Nhà ở,75,12000000,Hà Nội,đã có sổ,2.0,3.0
Căn hộ/Chung cư,75,7000000,Hà Nội,sổ hồng riêng,2.0,1.0
Nhà ở,75,18000000000,Hà Nội,đã có sổ,5.0,5.0
Căn hộ/Chung cư,86,7500000000,Hà Nội,sổ hồng riêng,3.0,3.0
Căn hộ/Chung cư,74,6000000,Hà Nội,không có sổ,1.0,1.0
Nhà ở,80,4500000000,Hà Nội,đã có sổ,3.0,4.0
Nhà ở,74,6900000000,Hà Nội,đã có sổ,3.0,3.0
Căn hộ/Chung cư,123,4700000000,Hà Nội,sổ hồng riêng,3.0,2.0
Nhà ở,80,12500000,Hà Nội,đã có sổ,4.0,3.0
Căn hộ/Chung cư,81,4100000,Hà Nội,sổ hồng riêng,2.0,1.0
Nhà ở,89,4600000000,Hà Nội,đã có sổ,3.0,4.0
Căn hộ/Chung cư,121,8000000,Hà Nội,sổ hồng riêng,2.0,1.0
Nhà ở,86,6300000000,Hà Nội,đã có sổ,3.0,3.0
Nhà ở,80,15800000000,Hà Nội,đã có sổ,6.0,4.0
Nhà ở,82,4200000000,Hà Nội,đã có sổ,3.0,3.0
Nhà ở,80,25500000,Hà Nội,đã có sổ,6.0,5.0
Nhà ở,86,6000000000,Bế Văn Đàn,đã có sổ,4.0,4.0
Căn hộ/Chung cư,129,5400000000,Hà Nội,sổ hồng riêng,2.0,2.0
Nhà ở,129,6800000000,Hà Nội,đã có sổ,3.0,3.0
Nhà ở,80,12000000,Hà Nội,đã có sổ,4.0,2.0
Căn hộ/Chung cư,78,8500000,Hà Nội,không có sổ,1.0,1.0
Căn hộ/Chung cư,78,7500000,Hà Nội,không có sổ,1.0,1.0
Căn hộ/Chung cư,74,7300000,Hà Nội,sổ hồng riêng,1.0,1.0
Nhà ở,81,6000000,Đương Tỉnh Quảng ,sổ hồng riêng,4.0,2.0
Nhà ở,80,6700000000,Hà Nội,đã có sổ,3.0,4.0
Nhà ở,86,22200000000,Hà Nội,đã có sổ,6.0,6.0
Căn hộ/Chung cư,80,3950000000,Hà Nội,sổ hồng riêng,2.0,1.0
Nhà ở,80,5500000000,Hà Nội,đã có sổ,3.0,3.0
Nhà ở,81,21800000000,Hà Nội,đã có sổ,4.0,3.0
Nhà ở,75,8500000000,Hà Nội,đã có sổ,3.0,5.0
Nhà ở,76,4350000000,Hà Nội,đã có sổ,3.0,3.0
Nhà ở,74,8600000000,Hà Nội,đã có sổ,3.0,3.0
Căn hộ/Chung cư,75,7000000,Hà Nội,không có sổ,1.0,1.0
Căn hộ/Chung cư,121,13500000,Hà Nội,không có sổ,1.0,1.0
Nhà ở,84,15000000,Hà Nội,đã có sổ,3.0,4.0
Căn hộ/Chung cư,121,7850000000,Hà Nội,sổ hồng riêng,3.0,2.0
Căn hộ/Chung cư,79,15000000,Hà Nội,sổ hồng riêng,2.0,2.0
Nhà ở,89,5350000000,Hà Nội,đã có sổ,4.0,3.0
Căn hộ/Chung cư,79,3650000,Hà Nội,chưa rõ,1.0,1.0
Căn hộ/Chung cư,81,10100000,Hà Nội,sổ hồng riêng,3.0,2.0
Căn hộ/Chung cư,84,2650000000,Hà Nội,sổ hồng riêng,1.0,1.0
Nhà ở,86,13800000000,Hà Nội,đã có sổ,5.0,4.0
Nhà ở,76,5980000000,Hà Nội,đã có sổ,3.0,4.0
Nhà ở,80,6600000000,Hà Nội,đã có sổ,3.0,3.0
Nhà ở,86,7950000000,Hà Nội,đã có sổ,3.0,4.0
Căn hộ/Chung cư,82,900000000,Hà Nội,sổ hồng riêng,2.0,2.0
Nhà ở,74,11800000000,Hà Nội,đã có sổ,4.0,3.0
Nhà ở,79,25850000000,Hà Nội,đã có sổ,8.0,6.0
Nhà ở,80,7600000000,Hà Nội,đã có sổ,4.0,3.0
Nhà ở,76,13800000000,Hà Nội,đã có sổ,4.0,5.0
Nhà ở,75,8500000000,Hà Nội,đã có sổ,5.0,5.0
Căn hộ/Chung cư,123,4700000000,Hà Nội,sổ hồng riêng,3.0,2.0
Nhà ở,80,6800000000,Hà Nội,đã có sổ,4.0,4.0
Căn hộ/Chung cư,75,5000000,Hà Nội,sổ hồng riêng,2.0,1.0
Nhà ở,80,8650000000,Hà Nội,đã có sổ,3.0,4.0
Căn hộ/Chung cư,79,5550000000,Hà Nội,sổ hồng riêng,3.0,2.0
Nhà ở,75,9500000000,Hà Nội,đã có sổ,4.0,5.0
Nhà ở,121,9000000000,Hà Nội,đã có sổ,9.0,7.0
Căn hộ/Chung cư,123,4890000000,Hà Nội,sổ hồng riêng,2.0,2.0
Nhà ở,77,19000000,Hà Nội,đã có sổ,3.0,4.0
Nhà ở,92,2850000000,phụng châu,đã có sổ,3.0,3.0
Căn hộ/Chung cư,81,4280000000,Hà Nội,sổ hồng riêng,2.0,2.0
Nhà ở,77,14500000000,Hà Nội,đã có sổ,11.0,7.0
Nhà ở,82,4700000000,Hà Nội,đã có sổ,1.0,1.0
Nhà ở,80,16000000,Hà Nội,đã có sổ,4.0,5.0
Căn hộ/Chung cư,121,4250000000,Hà Nội,sổ hồng riêng,2.0,2.0
Căn hộ/Chung cư,129,8250000000,Hà Nội,sổ hồng riêng,2.0,2.0
Căn hộ/Chung cư,80,4650000000,Hà Nội,sổ hồng riêng,2.0,2.0
Nhà ở,77,15700000000,Hà Nội,đã có sổ,4.0,3.0
Căn hộ/Chung cư,129,6800000000,Hà Nội,sổ hồng riêng,3.0,2.0
Căn hộ/Chung cư,74,4600000000,Hà Nội,sổ hồng riêng,2.0,2.0
Nhà ở,129,22000000000,Hà Nội,đã có sổ,3.0,2.0
Căn hộ/Chung cư,86,7850000000,Hà Nội,sổ hồng riêng,3.0,2.0
Nhà ở,79,11000000000,Hà Nội,đã có sổ,5.0,5.0
Căn hộ/Chung cư,121,3500000,Hà Nội,sổ hồng riêng,10.0,7.0
Căn hộ/Chung cư,79,8300000,Hà Nội,không có sổ,1.0,1.0
Nhà ở,121,14500000000,Hà Nội,đã có sổ,4.0,4.0
Nhà ở,93,6500000000,Hà Nội,đã có sổ,9.0,7.0
Căn hộ/Chung cư,121,15500000,Hà Nội,không có sổ,2.0,2.0
Nhà ở,79,21000000000,Hà Nội,đã có sổ,3.0,4.0
Căn hộ/Chung cư,76,4350000000,Hà Nội,sổ hồng riêng,3.0,2.0
Nhà ở,73,2850000000,Hà Nội,đã có sổ,1.0,1.0
Căn hộ/Chung cư,79,5850000000,Hà Nội,sổ hồng riêng,2.0,1.0
Căn hộ/Chung cư,86,15000000,Hà Nội,sổ hồng riêng,2.0,2.0
Căn hộ/Chung cư,123,3750000000,Hà Nội,sổ hồng riêng,2.0,1.0
Căn hộ/Chung cư,123,2800000000,Hà Nội,sổ hồng riêng,1.0,1.0
Căn hộ/Chung cư,123,4100000000,Hà Nội,sổ hồng riêng,2.0,2.0
Nhà ở,77,21900000000,Hà Nội,đã có sổ,11.0,7.0
Nhà ở,80,7350000000,Hà Nội,đã có sổ,3.0,4.0
Căn hộ/Chung cư,78,1000000000,Hà Nội,sổ hồng riêng,2.0,2.0
Nhà ở,81,6500000000,Hà Nội,đã có sổ,3.0,3.0
Nhà ở,79,21000000000,Hà Nội,đã có sổ,5.0,5.0
Nhà ở,77,7300000000,Hà Nội,đã có sổ,3.0,4.0
Nhà ở,82,6000000000,Hà Nội,đã có sổ,4.0,3.0
Nhà ở,86,10700000000,Hà Nội,đã có sổ,4.0,3.0
Nhà ở,80,7800000000,Hà Nội,đã có sổ,4.0,3.0
Căn hộ/Chung cư,86,4250000,Hà Nội,chưa rõ,1.0,1.0
Nhà ở,129,7000000000,Hà Nội,đã có sổ,4.0,4.0
Nhà ở,75,25000000000,Hà Nội,đã có sổ,4.0,4.0
Căn hộ/Chung cư,75,13500000,Hà Nội,không có sổ,2.0,1.0
Nhà ở,84,4450000000,Hà Nội,đã có sổ,3.0,4.0
Nhà ở,80,25600000000,Hà Nội,đã có sổ,2.0,2.0
Nhà ở,121,5200000000,Hà Nội,đã có sổ,3.0,4.0
Nhà ở,121,9200000000,Hà Nội,đã có sổ,11.0,7.0
Căn hộ/Chung cư,121,2950000000,Hà Nội,sổ hồng riêng,1.0,1.0
Nhà ở,74,9870000000,Hà Nội,đã có sổ,4.0,4.0
Nhà ở,80,5600000000,Hà Nội,đã có sổ,2.0,3.0
Nhà ở,86,3333333,Hà Nội,đã có sổ,2.0,2.0
Nhà ở,80,6480000000,Hà Nội,đã có sổ,3.0,4.0
Nhà ở,89,4350000000,Hà Nội,đã có sổ,3.0,4.0
Nhà ở,76,14500000000,Hà Nội,đã có sổ,3.0,3.0
Nhà ở,75,8300000000,Hà Nội,đã có sổ,3.0,4.0
Căn hộ/Chung cư,121,11500000,Hà Nội,không có sổ,3.0,2.0
Nhà ở,76,15000000,Hà Nội,đã có sổ,3.0,4.0
Căn hộ/Chung cư,123,4900000000,Hà Nội,sổ hồng riêng,3.0,2.0
Nhà ở,79,12500000000,Hà Nội,đã có sổ,3.0,5.0
Căn hộ/Chung cư,80,8000000,Hà Nội,không có sổ,2.0,2.0
Nhà ở,77,22900000000,Hà Nội,đã có sổ,5.0,4.0
Nhà ở,73,13000000000,Hà Nội,đã có sổ,4.0,5.0
Căn hộ/Chung cư,121,5400000000,Hà Nội,sổ hồng riêng,2.0,2.0
Nhà ở,76,40200000000,Hà Nội,đã có sổ,6.0,7.0
Nhà ở,77,7800000000,Hà Nội,đã có sổ,3.0,4.0
Nhà ở,75,20000000000,Hà Nội,đã có sổ,5.0,5.0
Nhà ở,77,19500000000,Hà Nội,đã có sổ,6.0,6.0
Căn hộ/Chung cư,79,5500000,Hà Nội,sổ hồng riêng,1.0,1.0
Nhà ở,80,3600000000,Hà Nội,không có sổ,3.0,3.0
Nhà ở,77,7000000000,Hà Nội,đã có sổ,4.0,4.0
Nhà ở,79,190000000000,Hà Nội,đã có sổ,11.0,7.0
Căn hộ/Chung cư,121,6000000,Hà Nội,đang chờ sổ,2.0,2.0
Căn hộ/Chung cư,121,6980000000,Hà Nội,sổ hồng riêng,3.0,2.0
Căn hộ/Chung cư,86,3950000,Hà Nội,chưa rõ,1.0,1.0
Nhà ở,77,28000000000,Hà Nội,đã có sổ,11.0,7.0
Căn hộ/Chung cư,76,4780000000,Hà Nội,sổ hồng riêng,3.0,2.0
Căn hộ/Chung cư,75,2100000000,Hà Nội,chưa rõ,2.0,1.0
Nhà ở,121,7950000000,Hà Nội,đã có sổ,4.0,3.0
Nhà ở,86,6150000000,Hà Nội,đã có sổ,3.0,4.0
Nhà ở,75,4790000000,Hà Nội,đã có sổ,3.0,4.0
Nhà ở,86,8400000000,Hà Nội,đã có sổ,8.0,7.0
Căn hộ/Chung cư,74,15000000000,Hà Nội,sổ hồng riêng,2.0,2.0
Nhà ở,75,9200000000,Hà Nội,đã có sổ,3.0,4.0
Nhà ở,75,6900000000,Hà Nội,đã có sổ,3.0,4.0
Nhà ở,84,16000000000,Hà Nội,đã có sổ,5.0,4.0
Nhà ở,80,12800000000,Hà Nội,đã có sổ,2.0,2.0
Nhà ở,75,6900000000,Hà Nội,đã có sổ,3.0,4.0
Căn hộ/Chung cư,74,3750000000,Hà Nội,sổ hồng riêng,2.0,3.0
Nhà ở,86,5100000000,Hà Nội,đã có sổ,3.0,3.0
Nhà ở,76,13800000000,Hà Nội,đã có sổ,3.0,5.0
Căn hộ/Chung cư,78,7000000,Hà Nội,không có sổ,1.0,1.0
Nhà ở,81,8900000000,Hà Nội,đã có sổ,3.0,4.0
Nhà ở,80,6900000000,Hà Nội,đã có sổ,4.0,3.0
Nhà ở,75,6280000000,Hà Nội,đã có sổ,4.0,5.0
Nhà ở,78,1700000000,Hà Nội,chưa rõ,2.0,2.0
Căn hộ/Chung cư,75,8000000,Hà Nội,không có sổ,2.0,2.0
Nhà ở,79,1420000000,Hà Nội,sổ hồng riêng,2.0,1.0
Căn hộ/Chung cư,86,5300000000,Hà Nội,sổ hồng riêng,3.0,2.0
Nhà ở,77,7500000000,Hà Nội,đã có sổ,3.0,3.0
Căn hộ/Chung cư,75,7800000,Hà Nội,sổ hồng riêng,1.0,1.0
Căn hộ/Chung cư,121,7000000000,Hà Nội,sổ hồng riêng,3.0,2.0
Nhà ở,90,4500000000,Hà Nội,đã có sổ,4.0,3.0
Nhà ở,79,11000000000,Hà Nội,đã có sổ,3.0,4.0
Nhà ở,76,279000000000,Hà Nội,đã có sổ,11.0,7.0
Căn hộ/Chung cư,80,5600000000,Hà Nội,sổ hồng riêng,3.0,2.0
Căn hộ/Chung cư,75,5000000,Hà Nội,sổ hồng riêng,1.0,1.0
Căn hộ/Chung cư,76,11500000,Hà Nội,sổ hồng riêng,2.0,2.0
Nhà ở,75,12980000000,Hà Nội,đã có sổ,3.0,4.0
Căn hộ/Chung cư,80,1000000000,Hà Nội,sổ hồng riêng,2.0,2.0
Căn hộ/Chung cư,79,8500000,Hà Nội,không có sổ,2.0,1.0
Nhà ở,77,20000000000,Hà Nội,đã có sổ,11.0,7.0
Nhà ở,79,10350000000,Hà Nội,đã có sổ,4.0,4.0
Nhà ở,80,7250000000,Hà Nội,đã có sổ,3.0,3.0
Căn hộ/Chung cư,78,7000000,Hà Nội,không có sổ,1.0,1.0
Nhà ở,75,8500000000,Hà Nội,đã có sổ,5.0,5.0
Căn hộ/Chung cư,129,5200000,Hà Nội,chưa rõ,1.0,1.0
Nhà ở,80,4500000000,Hà Nội,đã có sổ,3.0,2.0
Căn hộ/Chung cư,76,8500000,Hà Nội,không có sổ,2.0,2.0
Căn hộ/Chung cư,129,4450000000,Hà Nội,chưa rõ,2.0,2.0
Căn hộ/Chung cư,78,6800000,Hà Nội,không có sổ,1.0,1.0
Nhà ở,80,7400000000,Hà Nội,đã có sổ,4.0,5.0
Nhà ở,77,11500000000,Hà Nội,đã có sổ,4.0,2.0
Căn hộ/Chung cư,76,15000000,Hà Nội,sổ hồng riêng,2.0,1.0
Căn hộ/Chung cư,80,8000000,Hà Nội,không có sổ,3.0,2.0
Nhà ở,74,15700000000,Hà Nội,đã có sổ,4.0,5.0
Căn hộ/Chung cư,121,6900000000,Hà Nội,sổ hồng riêng,3.0,2.0
Căn hộ/Chung cư,76,3480000000,Hà Nội,sổ hồng riêng,2.0,2.0
Nhà ở,80,3780000000,Hà Nội,đã có sổ,3.0,4.0
Nhà ở,73,2500000000,Hà Nội,không có sổ,2.0,2.0
Căn hộ/Chung cư,79,5300000,Hà Nội,không có sổ,1.0,1.0
Nhà ở,74,8500000000,Hà Nội,đã có sổ,3.0,4.0
Nhà ở,75,22000000000,Hà Nội,đã có sổ,4.0,4.0
Căn hộ/Chung cư,74,12200000,Hà Nội,không có sổ,2.0,2.0
Căn hộ/Chung cư,86,5980000000,Hà Nội,sổ hồng riêng,3.0,2.0
Căn hộ/Chung cư,84,5200000,Hà Nội,không có sổ,1.0,1.0
Nhà ở,80,5800000000,Hà Nội,đã có sổ,4.0,4.0
Căn hộ/Chung cư,121,15500000,Hà Nội,không có sổ,3.0,2.0
Căn hộ/Chung cư,79,5150000,Hà Nội,chưa rõ,1.0,1.0
Căn hộ/Chung cư,77,4900000000,Hà Nội,sổ hồng riêng,3.0,2.0
Nhà ở,77,8000000000,Hà Nội,đã có sổ,4.0,4.0
Nhà ở,76,8400000000,Hà Nội,đã có sổ,2.0,4.0
Căn hộ/Chung cư,79,4550000000,Hà Nội,sổ hồng riêng,1.0,1.0
Nhà ở,75,8250000000,Hà Nội,đã có sổ,3.0,4.0
Nhà ở,86,6500000000,Hà Nội,đã có sổ,4.0,4.0
Nhà ở,79,10400000000,Hà Nội,đã có sổ,4.0,4.0
Nhà ở,79,16900000000,Hà Nội,đã có sổ,4.0,4.0
Căn hộ/Chung cư,77,1000000000,Hà Nội,chưa rõ,2.0,2.0
Nhà ở,89,4950000000,Hà Nội,đã có sổ,3.0,3.0
Nhà ở,127,4500000000,Hà Nội,đã có sổ,3.0,3.0
Nhà ở,86,7900000000,Hà Nội,đã có sổ,4.0,5.0
Nhà ở,80,2500000,Hà Nội,đã có sổ,1.0,1.0
Căn hộ/Chung cư,78,4950000,Hà Nội,chưa rõ,1.0,1.0
Căn hộ/Chung cư,86,14000000,Hà Nội,sổ hồng riêng,3.0,2.0
Nhà ở,76,7000000,Hà Nội,đã có sổ,2.0,4.0
Nhà ở,74,7200000000,Hà Nội,đã có sổ,3.0,3.0
Nhà ở,75,4797000000,Hà Nội,đã có sổ,3.0,3.0
Căn hộ/Chung cư,80,5850000000,Hà Nội,sổ hồng riêng,2.0,2.0
Nhà ở,121,8200000000,Hà Nội,đã có sổ,4.0,5.0
Nhà ở,84,1250000000,Hà Nội,không có sổ,2.0,2.0
Nhà ở,121,5800000000,Hà Nội,đã có sổ,5.0,6.0
Nhà ở,78,6450000000,Hà Nội,đã có sổ,2.0,2.0
Nhà ở,80,6000000000,Hà Nội,đã có sổ,3.0,3.0
Nhà ở,86,6500000000,Hà Nội,đã có sổ,3.0,4.0
Nhà ở,75,4797000000,Hà Nội,đã có sổ,3.0,3.0
Nhà ở,83,1400000,Hà Nội,đã có sổ,1.0,1.0
Nhà ở,81,9800000000,Hà Nội,đã có sổ,4.0,5.0
Nhà ở,79,13400000000,Hà Nội,đã có sổ,6.0,5.0
Nhà ở,84,7100000000,Hà Nội,đã có sổ,4.0,4.0
Nhà ở,75,9100000000,Hà Nội,đã có sổ,6.0,3.0
Nhà ở,88,10000000,Hà Nội,đã có sổ,4.0,4.0
Căn hộ/Chung cư,121,4500000,Hà Nội,không có sổ,1.0,1.0
Nhà ở,73,13000000000,Hà Nội,đã có sổ,3.0,3.0
Nhà ở,75,10850000000,Hà Nội,đã có sổ,5.0,3.0
Căn hộ/Chung cư,77,4200000000,Hà Nội,sổ hồng riêng,3.0,1.0
Nhà ở,75,23000000000,Hà Nội,đã có sổ,6.0,5.0
Nhà ở,123,30000000,Hà Nội,đã có sổ,4.0,4.0
Căn hộ/Chung cư,77,5700000,Hà Nội,không có sổ,1.0,1.0
Nhà ở,81,5600000000,Hà Nội,đã có sổ,3.0,4.0
Nhà ở,79,42000000000,Hà Nội,đã có sổ,7.0,7.0
Nhà ở,75,11000000,Hà Nội,đã có sổ,3.0,4.0
Nhà ở,86,18500000000,Hà Nội,đã có sổ,5.0,6.0
Nhà ở,80,10050000000,Hà Nội,đã có sổ,4.0,6.0
Căn hộ/Chung cư,80,5800000000,Hà Nội,sổ hồng riêng,3.0,2.0
Nhà ở,80,16800000000,Hà Nội,đã có sổ,11.0,7.0
Nhà ở,129,7900000000,Hà Nội,đã có sổ,4.0,4.0
Nhà ở,77,11000000,Hà Nội,đã có sổ,2.0,3.0
Căn hộ/Chung cư,75,8500000,Hà Nội,không có sổ,2.0,1.0
Nhà ở,75,2850000000,Hà Nội,đã có sổ,2.0,2.0
Nhà ở,74,3450000000,Hà Nội,đã có sổ,3.0,3.0
Nhà ở,75,6250000000,Hà Nội,đã có sổ,4.0,5.0
Căn hộ/Chung cư,78,7950000,Hà Nội,không có sổ,1.0,1.0
Nhà ở,129,5999999999,Hà Nội,đã có sổ,4.0,4.0
Nhà ở,76,22000000000,Hà Nội,đã có sổ,3.0,3.0
Căn hộ/Chung cư,76,3400000000,Hà Nội,sổ hồng riêng,2.0,2.0
Nhà ở,75,6900000000,Hà Nội,đã có sổ,3.0,4.0
Căn hộ/Chung cư,76,11500000,Hà Nội,không có sổ,2.0,1.0
Nhà ở,76,5500000000,Đỗ Thuận,đã có sổ,3.0,2.0
Nhà ở,81,11200000000,Hà Nội,đã có sổ,1.0,1.0
Nhà ở,77,26900000000,Hà Nội,đã có sổ,11.0,7.0
Nhà ở,80,7000000000,Hà Nội,đã có sổ,3.0,4.0
Nhà ở,79,21000000000,Trần Quốc Hoàn,đã có sổ,4.0,5.0
Căn hộ/Chung cư,79,7850000000,Hà Nội,sổ hồng riêng,3.0,2.0
Nhà ở,121,3500000000,Hà Nội,đã có sổ,3.0,4.0
Nhà ở,77,16800000000,Hà Nội,đã có sổ,4.0,3.0
Nhà ở,89,5900000000,Hà Nội,đã có sổ,6.0,3.0
Nhà ở,121,8200000000,Hà Nội,đã có sổ,9.0,7.0
Căn hộ/Chung cư,74,18500000,Hà Nội,không có sổ,2.0,2.0
Nhà ở,80,6400000000,Hà Nội,đã có sổ,3.0,3.0
Nhà ở,77,13500000000,Hà Nội,đã có sổ,5.0,5.0
Nhà ở,80,7900000000,Hà Nội,đã có sổ,3.0,3.0
Nhà ở,79,18750000000,Hà Nội,đã có sổ,6.0,3.0
Nhà ở,86,4690000000,Hà Nội,đã có sổ,3.0,4.0
Nhà ở,79,31000000000,Hà Nội,đã có sổ,7.0,7.0
Nhà ở,79,9500000000,Hà Nội,đã có sổ,3.0,4.0
Nhà ở,79,29800000000,Hà Nội,đã có sổ,6.0,7.0
Căn hộ/Chung cư,86,3500000000,Hà Nội,đang chờ sổ,2.0,2.0
Nhà ở,78,10350000000,Hà Nội,đã có sổ,3.0,4.0
Nhà ở,80,12950000000,Hà Nội,đã có sổ,5.0,6.0
Nhà ở,80,7800000000,Hà Nội,đã có sổ,3.0,3.0
Nhà ở,129,10800000000,phạm văn đồng,đã có sổ,10.0,6.0
Căn hộ/Chung cư,76,3880000000,Hà Nội,sổ hồng riêng,2.0,2.0
Căn hộ/Chung cư,78,6500000,Hà Nội,sổ hồng riêng,1.0,1.0
Căn hộ/Chung cư,121,2800000,Hà Nội,sổ hồng riêng,1.0,1.0
Nhà ở,79,10200000000,Hà Nội,đã có sổ,4.0,5.0
Nhà ở,86,15500000000,Hà Nội,đã có sổ,5.0,5.0
Nhà ở,81,11000000000,Hà Nội,đã có sổ,3.0,5.0
Nhà ở,80,10900000000,Hà Nội,đã có sổ,3.0,4.0
Căn hộ/Chung cư,121,16000000,Hà Nội,không có sổ,2.0,2.0
Nhà ở,75,50000000000,Hà Nội,đã có sổ,4.0,6.0
Nhà ở,79,19000000000,Hà Nội,đã có sổ,7.0,5.0
Nhà ở,86,6595000000,Hà Nội,đã có sổ,3.0,4.0
Nhà ở,80,18800000000,Hà Nội,đã có sổ,5.0,4.0
Căn hộ/Chung cư,79,13500000,Hà Nội,sổ hồng riêng,2.0,2.0
Nhà ở,79,31000000000,Hà Nội,đã có sổ,11.0,5.0
Nhà ở,86,2750000000,Hà Nội,đã có sổ,4.0,3.0
Nhà ở,79,16500000000,Hà Nội,đã có sổ,3.0,4.0
Nhà ở,82,2950000000,Hà Nội,đã có sổ,1.0,1.0
Căn hộ/Chung cư,80,4500000000,Hà Nội,sổ hồng riêng,2.0,2.0
Nhà ở,76,12900000000,Hà Nội,đã có sổ,4.0,5.0
Căn hộ/Chung cư,121,4600000000,Hà Nội,sổ hồng riêng,2.0,1.0
Nhà ở,81,8700000000,Hà Nội,đã có sổ,3.0,3.0
Nhà ở,78,35000000,Hà Nội,đã có sổ,3.0,3.0
Nhà ở,86,4950000000,Hà Nội,đã có sổ,4.0,4.0
Nhà ở,86,7680000000,Hà Nội,đã có sổ,2.0,3.0
Căn hộ/Chung cư,80,3500000000,Hà Nội,sổ hồng riêng,2.0,2.0
Nhà ở,129,10700000000,Hà Nội,đã có sổ,4.0,3.0
Nhà ở,76,8500000000,Hà Nội,đã có sổ,3.0,4.0
Nhà ở,92,4100000000,Hà Nội,đã có sổ,3.0,4.0
Nhà ở,78,2500000000,Hà Nội,đã có sổ,3.0,3.0
Căn hộ/Chung cư,74,12000000,Hà Nội,không có sổ,2.0,2.0
Nhà ở,84,8500000000,Hà Nội,đã có sổ,3.0,4.0
Nhà ở,121,6680000000,Hà Nội,đã có sổ,2.0,1.0
Nhà ở,81,8000000000,Hà Nội,đã có sổ,4.0,5.0
Nhà ở,86,6700000000,Hà Nội,đã có sổ,6.0,4.0
Nhà ở,80,1250000000,Định Công Thượng,đã có sổ,1.0,1.0
Căn hộ/Chung cư,79,5200000000,Hà Nội,sổ hồng riêng,2.0,2.0
Nhà ở,74,7980000000,Hà Nội,đã có sổ,3.0,2.0
Nhà ở,75,7100000000,Hà Nội,đã có sổ,6.0,6.0
Nhà ở,81,5900000000,Hà Nội,đã có sổ,3.0,3.0
Nhà ở,77,7600000000,Hà Nội,đã có sổ,4.0,4.0
Nhà ở,75,3500000,Hà Nội,đã có sổ,2.0,1.0
Căn hộ/Chung cư,121,7850000000,Hà Nội,sổ hồng riêng,3.0,2.0
Nhà ở,121,31000000000,Hà Nội,đã có sổ,1.0,1.0
Nhà ở,75,7600000000,Hà Nội,đã có sổ,4.0,4.0
Nhà ở,81,19500000000,Hà Nội,đã có sổ,4.0,4.0
Căn hộ/Chung cư,76,4550000000,Hà Nội,sổ hồng riêng,3.0,2.0
Nhà ở,75,19900000000,Hà Nội,đã có sổ,4.0,4.0
Nhà ở,86,21000000000,Hà Nội,đã có sổ,4.0,3.0
Nhà ở,121,7890000000,Hà Nội,đã có sổ,4.0,4.0
Nhà ở,75,10400000000,Hà Nội,đã có sổ,3.0,4.0
Căn hộ/Chung cư,75,750000000,Hà Nội,sổ hồng riêng,2.0,1.0
Nhà ở,77,20000000,Hà Nội,đã có sổ,6.0,4.0
Nhà ở,79,115000000000,Hà Nội,đã có sổ,5.0,4.0
Nhà ở,78,8800000000,Đường Lạc Long Quân,đã có sổ,4.0,4.0
Nhà ở,77,40000000,Hà Nội,đã có sổ,9.0,6.0
Căn hộ/Chung cư,79,9200000,Hà Nội,sổ hồng riêng,2.0,1.0
Nhà ở,76,18600000000,Hà Nội,đã có sổ,6.0,5.0
Nhà ở,81,5900000000,Hà Nội,đã có sổ,3.0,3.0
Căn hộ/Chung cư,123,9000000,Hà Nội,không có sổ,2.0,1.0
Căn hộ/Chung cư,86,3950000000,Hà Nội,sổ hồng riêng,2.0,2.0
Nhà ở,76,7750000000,Hà Nội,đã có sổ,3.0,4.0
Căn hộ/Chung cư,76,5500000,Hà Nội,sổ hồng riêng,1.0,1.0
Nhà ở,75,7000000000,Hà Nội,đã có sổ,3.0,4.0
Căn hộ/Chung cư,84,2030000000,Hà Nội,chưa rõ,1.0,1.0
Căn hộ/Chung cư,79,17480000000,Hà Nội,sổ hồng riêng,4.0,4.0
Căn hộ/Chung cư,86,4950000000,Hà Nội,sổ hồng riêng,3.0,2.0
Nhà ở,86,28500000000,Hà Nội,đã có sổ,6.0,6.0
Căn hộ/Chung cư,129,9500000,Hà Nội,sổ hồng riêng,3.0,2.0
Nhà ở,81,34000000000,Hà Nội,đã có sổ,5.0,5.0
Căn hộ/Chung cư,78,900000000,Hà Nội,sổ hồng riêng,2.0,1.0
Nhà ở,79,21800000000,Hà Nội,đã có sổ,5.0,5.0
Nhà ở,75,7550000000,Hà Nội,đã có sổ,3.0,4.0
Căn hộ/Chung cư,86,4750000000,Hà Nội,sổ hồng riêng,3.0,2.0
Nhà ở,86,5190000000,Hà Nội,đã có sổ,3.0,4.0
Căn hộ/Chung cư,78,7500000,Hà Nội,không có sổ,1.0,1.0
Căn hộ/Chung cư,79,15000000,Hà Nội,sổ hồng riêng,3.0,2.0
Căn hộ/Chung cư,73,3850000000,Hà Nội,sổ hồng riêng,2.0,1.0
Nhà ở,76,3950000000,Hà Nội,đã có sổ,3.0,4.0
Nhà ở,80,8000000000,Hà Nội,đã có sổ,6.0,6.0
Nhà ở,121,11000000,Hà Nội,đã có sổ,3.0,4.0
Nhà ở,80,23500000000,Hà Nội,đã có sổ,4.0,4.0
Nhà ở,81,5900000000,Hà Nội,đã có sổ,3.0,3.0
Nhà ở,76,35000000,Hà Nội,đã có sổ,10.0,7.0
Nhà ở,77,11900000000,Hà Nội,đã có sổ,4.0,3.0
Nhà ở,81,10899000000,Hà Nội,đã có sổ,3.0,4.0
Nhà ở,74,7600000000,Hà Nội,đã có sổ,3.0,5.0
Nhà ở,86,10000000000,Hà Nội,đã có sổ,4.0,4.0
Căn hộ/Chung cư,76,8500000,Hà Nội,chưa rõ,1.0,1.0
Căn hộ/Chung cư,76,4330000000,Hà Nội,sổ hồng riêng,3.0,2.0
Nhà ở,77,26900000000,Hà Nội,đã có sổ,11.0,7.0
Căn hộ/Chung cư,74,1990000000,Hà Nội,sổ hồng riêng,2.0,2.0
Căn hộ/Chung cư,121,12000000,Hà Nội,sổ hồng riêng,2.0,1.0
Căn hộ/Chung cư,121,5550000000,Hà Nội,sổ hồng riêng,2.0,2.0
Nhà ở,76,12300000000,Hà Nội,đã có sổ,4.0,5.0
Nhà ở,80,6300000000,Hà Nội,đã có sổ,3.0,3.0
Căn hộ/Chung cư,121,15500000,Hà Nội,không có sổ,2.0,2.0
Nhà ở,76,5280000000,Hà Nội,đã có sổ,3.0,4.0
Nhà ở,78,13000000000,Hà Nội,đã có sổ,4.0,4.0
Căn hộ/Chung cư,77,4950000,Hà Nội,chưa rõ,1.0,1.0
Nhà ở,121,10700000000,Hà Nội,đã có sổ,3.0,4.0
Nhà ở,77,21900000000,Hà Nội,đã có sổ,5.0,5.0
Nhà ở,121,8900000000,Hà Nội,đã có sổ,11.0,7.0
Nhà ở,86,8800000000,Hà Nội,đã có sổ,4.0,4.0
Nhà ở,80,17300000000,Hà Nội,đã có sổ,11.0,7.0
Nhà ở,81,5200000000,Hà Nội,đã có sổ,3.0,4.0
Nhà ở,80,8500000000,Hà Nội,đã có sổ,5.0,5.0
Căn hộ/Chung cư,73,9500000,Hà Nội,không có sổ,1.0,1.0
Căn hộ/Chung cư,76,4300000000,Hà Nội,sổ hồng riêng,3.0,2.0
Căn hộ/Chung cư,129,8250000000,Hà Nội,sổ hồng riêng,2.0,2.0
Nhà ở,75,5000000000,Hà Nội,đã có sổ,3.0,3.0
Nhà ở,79,15800000000,Hà Nội,đã có sổ,3.0,4.0
Căn hộ/Chung cư,76,5500000,Hà Nội,không có sổ,1.0,1.0
Căn hộ/Chung cư,86,7500000,Hà Nội,sổ hồng riêng,2.0,1.0
Nhà ở,81,6950000000,Hà Nội,đã có sổ,3.0,4.0
Nhà ở,121,31000000000,Hà Nội,đã có sổ,11.0,7.0
Căn hộ/Chung cư,74,750000000,Hà Nội,sổ hồng riêng,2.0,1.0
Nhà ở,78,18400000000,Hà Nội,đã có sổ,1.0,1.0
Căn hộ/Chung cư,86,7290000000,Hà Nội,sổ hồng riêng,4.0,2.0
Căn hộ/Chung cư,129,4100000,Hà Nội,sổ hồng riêng,1.0,1.0
Nhà ở,123,90000000,Hà Nội,đã có sổ,4.0,4.0
Căn hộ/Chung cư,123,3620000000,"Xã Đa Tốn, Kiêu Kỵ, Dương Xá và một phần thị trấn Trâu Quỳ, Gia Lâm, Hà Nội",sổ hồng riêng,2.0,1.0
Nhà ở,74,24500000000,Hà Nội,đã có sổ,6.0,7.0
Nhà ở,79,16500000000,Hà Nội,đã có sổ,3.0,4.0
Nhà ở,75,30800000000,Hà Nội,đã có sổ,8.0,7.0
Nhà ở,77,5600000000,Hà Nội,đã có sổ,3.0,3.0
Căn hộ/Chung cư,123,4290000000,Hà Nội,sổ hồng riêng,2.0,2.0
Nhà ở,86,4750000000,Hà Nội,đã có sổ,3.0,2.0
Nhà ở,79,7750000000,Hà Nội,đã có sổ,3.0,4.0
Nhà ở,80,6350000000,Hà Nội,đã có sổ,3.0,4.0
Nhà ở,121,5990000000,Hà Nội,đã có sổ,3.0,4.0
Nhà ở,77,7750000000,Hà Nội,đã có sổ,3.0,3.0
Nhà ở,77,7500000000,Hà Nội,đã có sổ,4.0,4.0
Nhà ở,76,4800000000,Hà Nội,đã có sổ,3.0,3.0
Nhà ở,74,7850000000,Hà Nội,đã có sổ,3.0,4.0
Căn hộ/Chung cư,121,3270000000,Hà Nội,chưa rõ,1.0,1.0
Nhà ở,78,17000000,Hà Nội,đã có sổ,6.0,5.0
Nhà ở,78,6600000000,Hà Nội,đã có sổ,2.0,2.0
Nhà ở,80,7500000000,Hà Nội,đã có sổ,4.0,4.0
Căn hộ/Chung cư,80,14500000,Hà Nội,sổ hồng riêng,3.0,2.0
Căn hộ/Chung cư,121,18000000,Hà Nội,không có sổ,1.0,2.0
Căn hộ/Chung cư,121,2950000999,Hà Nội,sổ hồng riêng,1.0,1.0
Căn hộ/Chung cư,77,4600000000,Hà Nội,sổ hồng riêng,2.0,2.0
Nhà ở,123,18000000,Hà Nội,đã có sổ,4.0,4.0
Nhà ở,86,21000000000,Hà Nội,đã có sổ,6.0,6.0
Nhà ở,81,5900000000,Hà Nội,đã có sổ,3.0,3.0
Nhà ở,77,7300000000,Hà Nội,đã có sổ,4.0,4.0
Nhà ở,86,9500000000,Hà Nội,đã có sổ,3.0,3.0
Nhà ở,74,15500000000,Hà Nội,đã có sổ,7.0,5.0
Nhà ở,80,12000000000,Hà Nội,đã có sổ,8.0,6.0
Nhà ở,121,8600000000,Hà Nội,đã có sổ,6.0,4.0
Nhà ở,76,3000000000,Hà Nội,đã có sổ,3.0,3.0
Nhà ở,81,9800000000,Hà Nội,đã có sổ,3.0,3.0
Nhà ở,86,4350000000,Hà Nội,đã có sổ,3.0,4.0
Nhà ở,74,8300000000,Hà Nội,đã có sổ,5.0,4.0
Nhà ở,78,8300000000,Đường Thụy Khuê,đã có sổ,7.0,4.0
Nhà ở,86,22800000000,Hà Nội,đã có sổ,5.0,5.0
Nhà ở,84,4650000000,Hà Nội,đã có sổ,4.0,4.0
Căn hộ/Chung cư,79,10000000,Hà Nội,sổ hồng riêng,2.0,1.0
Nhà ở,80,13300000000,Hà Nội,đã có sổ,6.0,6.0
Căn hộ/Chung cư,123,3680000000,Hà Nội,sổ hồng riêng,2.0,1.0
Nhà ở,75,14500000000,Hà Nội,đã có sổ,3.0,4.0
Nhà ở,77,10500000000,Hà Nội,đã có sổ,4.0,3.0
Nhà ở,77,16700000000,Hà Nội,đã có sổ,5.0,6.0
Nhà ở,78,10200000000,Hà Nội,đã có sổ,4.0,3.0
Căn hộ/Chung cư,121,8000000,Hà Nội,sổ hồng riêng,2.0,2.0
Nhà ở,78,62000000,Hà Nội,đã có sổ,6.0,6.0
Căn hộ/Chung cư,86,3500000,Hà Nội,không có sổ,1.0,1.0
Nhà ở,129,2700000,Hà Nội,đang chờ sổ,1.0,1.0
Nhà ở,75,8900000000,Hà Nội,đã có sổ,9.0,5.0
Nhà ở,80,8800000000,Hà Nội,đã có sổ,8.0,7.0
Nhà ở,86,7000000000,Hà Nội,đã có sổ,4.0,4.0
Căn hộ/Chung cư,75,8000000,Hà Nội,sổ hồng riêng,1.0,1.0
Nhà ở,86,2450000000,Hà Nội,đã có sổ,3.0,3.0
Nhà ở,74,8600000000,Hà Nội,đã có sổ,4.0,3.0
Nhà ở,86,6300000000,Hà Nội,đã có sổ,3.0,4.0
Căn hộ/Chung cư,129,9500000,Hà Nội,sổ hồng riêng,3.0,2.0
Nhà ở,79,18500000000,Hà Nội,đã có sổ,11.0,7.0
Căn hộ/Chung cư,76,3940000000,Hà Nội,sổ hồng riêng,2.0,2.0
Nhà ở,80,6950000000,Hà Nội,đã có sổ,3.0,4.0
Nhà ở,80,6000000,Hà Nội,đã có sổ,3.0,2.0
Nhà ở,75,13900000000,Hà Nội,đã có sổ,4.0,4.0
Nhà ở,86,6000000000,Hà Nội,đã có sổ,6.0,7.0
Căn hộ/Chung cư,75,4700000000,Hà Nội,sổ hồng riêng,3.0,1.0
Nhà ở,89,7900000000,Hà Nội,đã có sổ,4.0,4.0
Nhà ở,75,37200000000,Hà Nội,đã có sổ,3.0,4.0
Nhà ở,74,15700000000,Hà Nội,đã có sổ,4.0,5.0
Nhà ở,81,13500000000,Hà Nội,đã có sổ,3.0,4.0
Nhà ở,77,8100000000,Hà Nội,đã có sổ,4.0,4.0
Nhà ở,129,780000000,Hà Nội,sổ hồng riêng,2.0,1.0
Nhà ở,77,7300000000,Hà Nội,đã có sổ,5.0,4.0
Nhà ở,76,3760000000,Hà Nội,đã có sổ,2.0,3.0
Nhà ở,76,4580000000,Hà Nội,đã có sổ,2.0,2.0
Nhà ở,129,13550000000,Hà Nội,đã có sổ,4.0,4.0
Căn hộ/Chung cư,123,5500000,Hà Nội,sổ hồng riêng,1.0,1.0
Nhà ở,76,8900000000,Hà Nội,đã có sổ,3.0,4.0
Nhà ở,77,42000000000,Hà Nội,đã có sổ,6.0,6.0
Nhà ở,121,12000000,Hà Nội,đã có sổ,3.0,2.0
Căn hộ/Chung cư,78,7890000000,Hà Nội,sổ hồng riêng,3.0,2.0
Nhà ở,77,6900000000,Hà Nội,đang chờ sổ,6.0,4.0
Nhà ở,81,5000000000,Hà Nội,đã có sổ,3.0,4.0
Căn hộ/Chung cư,123,3100000000,Hà Nội,sổ hồng riêng,1.0,1.0
Căn hộ/Chung cư,77,8900000,Hà Nội,không có sổ,2.0,2.0
Nhà ở,121,6900000000,Hà Nội,đã có sổ,4.0,4.0
Nhà ở,84,12000000,Hà Nội,đã có sổ,4.0,3.0
Căn hộ/Chung cư,121,4500000,Hà Nội,sổ hồng riêng,1.0,1.0
Nhà ở,77,7750000000,Hà Nội,đã có sổ,4.0,4.0
Nhà ở,75,41000000000,Hà Nội,đã có sổ,4.0,5.0
Nhà ở,86,8300000000,Hà Nội,đã có sổ,4.0,4.0
Căn hộ/Chung cư,79,9500000000,Hà Nội,sổ hồng riêng,3.0,2.0
Căn hộ/Chung cư,86,6400000000,Hà Nội,sổ hồng riêng,3.0,2.0
Nhà ở,74,12770000000,Hà Nội,đã có sổ,4.0,5.0
Nhà ở,75,9500000000,Hà Nội,đã có sổ,4.0,4.0
Nhà ở,73,8900000000,Hà Nội,đã có sổ,6.0,4.0
Nhà ở,86,8400000000,Hà Nội,đã có sổ,5.0,4.0
Nhà ở,80,1470000000,Hà Nội,đang chờ sổ,2.0,3.0
Nhà ở,74,10500000000,Hà Nội,đã có sổ,6.0,5.0
Nhà ở,80,7550000000,Hà Nội,đã có sổ,2.0,1.0
Nhà ở,86,9000000000,Hà Nội,đã có sổ,3.0,2.0
Căn hộ/Chung cư,79,9600000,Hà Nội,sổ hồng riêng,2.0,1.0
Căn hộ/Chung cư,74,5700000,Hà Nội,sổ hồng riêng,1.0,1.0
Nhà ở,84,11300000000,Hà Nội,đã có sổ,11.0,7.0
Nhà ở,75,7500000000,Hà Nội,đã có sổ,4.0,5.0
Căn hộ/Chung cư,75,1680000000,Hà Nội,chưa rõ,1.0,1.0
Căn hộ/Chung cư,77,18000000,Hà Nội,sổ hồng riêng,3.0,3.0
Nhà ở,77,7400000000,Hà Nội,đã có sổ,3.0,2.0
Nhà ở,80,5000000000,Hà Nội,đã có sổ,4.0,4.0
Nhà ở,80,5100000000,Hà Nội,đã có sổ,4.0,3.0
Căn hộ/Chung cư,79,25000000,Hà Nội,sổ hồng riêng,3.0,2.0
Căn hộ/Chung cư,123,2300000000,Hà Nội,sổ hồng riêng,1.0,1.0
Căn hộ/Chung cư,123,5150000000,Hà Nội,sổ hồng riêng,2.0,2.0
Căn hộ/Chung cư,89,7000000,Hà Nội,sổ hồng riêng,2.0,2.0
Căn hộ/Chung cư,79,9600000000,Hà Nội,sổ hồng riêng,2.0,2.0
Nhà ở,81,12800000000,Hà Nội,đã có sổ,4.0,5.0
Căn hộ/Chung cư,80,4250000000,Hà Nội,chưa rõ,3.0,2.0
Nhà ở,81,18000000000,Hà Nội,đã có sổ,2.0,2.0
Căn hộ/Chung cư,76,2100000000,Hà Nội,đang chờ sổ,2.0,1.0
Nhà ở,79,26000000000,Hà Nội,đã có sổ,4.0,6.0
Nhà ở,129,5700000000,Đường Nguyễn Hoàng Tôn,đã có sổ,6.0,6.0
Nhà ở,78,2300000000,Hà Nội,đã có sổ,3.0,2.0
Nhà ở,74,19900000000,Hà Nội,đã có sổ,6.0,6.0
Căn hộ/Chung cư,78,7500000,Hà Nội,không có sổ,1.0,1.0
Nhà ở,81,6500000000,Hà Nội,đã có sổ,3.0,3.0
Căn hộ/Chung cư,84,5000000,Hà Nội,không có sổ,1.0,1.0
Nhà ở,80,6900000000,Hà Nội,đã có sổ,3.0,4.0
Nhà ở,89,5200000000,Hà Nội,đã có sổ,4.0,3.0
Nhà ở,75,8200000000,Hà Nội,đã có sổ,3.0,3.0
Căn hộ/Chung cư,77,2850000000,Hà Nội,sổ hồng riêng,2.0,2.0
Nhà ở,76,23000000000,Hà Nội,đã có sổ,5.0,4.0
Nhà ở,90,6650000000,Hà Nội,đã có sổ,4.0,4.0
Căn hộ/Chung cư,79,1250000000,Hà Nội,sổ hồng riêng,2.0,2.0
Nhà ở,75,9500000000,Hà Nội,đã có sổ,4.0,5.0
Căn hộ/Chung cư,121,12500000,Hà Nội,sổ hồng riêng,2.0,1.0
Nhà ở,81,9500000000,Hà Nội,đã có sổ,4.0,5.0
Nhà ở,76,13000000000,Hà Nội,đã có sổ,3.0,5.0
Căn hộ/Chung cư,79,12500000,Hà Nội,sổ hồng riêng,2.0,2.0
Căn hộ/Chung cư,78,12000000,Hà Nội,không có sổ,1.0,1.0
Nhà ở,77,16500000000,Hà Nội,đã có sổ,4.0,4.0
Căn hộ/Chung cư,86,9350000000,Hà Nội,sổ hồng riêng,3.0,2.0
Nhà ở,76,4850000000,Hà Nội,đã có sổ,3.0,2.0
Nhà ở,80,7000000000,Hà Nội,đã có sổ,5.0,4.0
Nhà ở,89,9000000,Hà Nội,đã có sổ,5.0,4.0
Nhà ở,80,6350000000,Đường Tam Trinh,đã có sổ,5.0,4.0
Nhà ở,77,7700000000,Hà Nội,đã có sổ,3.0,4.0
Nhà ở,82,7100000000,Hà Nội,đã có sổ,4.0,2.0
Căn hộ/Chung cư,81,10000000,Hà Nội,sổ hồng riêng,2.0,2.0
Nhà ở,92,4500000000,Hà Nội,đã có sổ,3.0,4.0
Nhà ở,75,8350000000,Hà Nội,đã có sổ,4.0,4.0
Nhà ở,80,115000000000,Hà Nội,đã có sổ,8.0,7.0
Căn hộ/Chung cư,123,4350000000,Hà Nội,sổ hồng riêng,2.0,2.0
Nhà ở,78,51500000000,Hà Nội,đã có sổ,11.0,7.0
Nhà ở,84,8700000000,Ngọc Hồi,đã có sổ,4.0,4.0
Căn hộ/Chung cư,75,10800000000,Hà Nội,sổ hồng riêng,3.0,2.0
Nhà ở,75,6900000000,Hà Nội,đã có sổ,4.0,4.0
Nhà ở,81,7650000000,Hà Nội,đã có sổ,3.0,4.0
Nhà ở,75,4500000000,Hà Nội,đã có sổ,2.0,2.0
Nhà ở,76,5300000,Hà Nội,đã có sổ,2.0,2.0
Căn hộ/Chung cư,123,5500000,Hà Nội,sổ hồng riêng,1.0,1.0
Nhà ở,74,3990000000,Hà Nội,đã có sổ,2.0,2.0
Nhà ở,79,8000000,Hà Nội,đã có sổ,2.0,1.0
Nhà ở,129,11000000,Hà Nội,đã có sổ,3.0,2.0
Nhà ở,81,7200000000,Hà Nội,đã có sổ,5.0,4.0
Căn hộ/Chung cư,78,2200000000,Hà Nội,chưa rõ,2.0,2.0
Nhà ở,81,17500000000,Hà Nội,đã có sổ,3.0,1.0
Nhà ở,80,5350000000,Hà Nội,đã có sổ,3.0,3.0
Căn hộ/Chung cư,78,9000000,Hà Nội,không có sổ,2.0,2.0
Nhà ở,75,9350000000,Hà Nội,đã có sổ,4.0,5.0
Nhà ở,77,6300000000,Hà Nội,đã có sổ,3.0,2.0
Căn hộ/Chung cư,121,9500000,Hà Nội,sổ hồng riêng,2.0,2.0
Nhà ở,80,6000000000,Hà Nội,đã có sổ,3.0,4.0
Nhà ở,76,4300000000,Hà Nội,đã có sổ,3.0,4.0
Nhà ở,80,5900000000,Hà Nội,đã có sổ,4.0,3.0
Căn hộ/Chung cư,123,3620000000,Hà Nội,sổ hồng riêng,2.0,1.0
Nhà ở,129,10000000,Hà Nội,đã có sổ,4.0,3.0
Nhà ở,121,20300000000,"Đại Lộ Thăng Long, Phường Mễ Trì, Quận Nam Từ Liêm, Hà Nội",đã có sổ,4.0,3.0
Căn hộ/Chung cư,88,4300000000,Hà Nội,sổ hồng riêng,2.0,2.0
Nhà ở,80,7680000000,Hà Nội,đã có sổ,7.0,4.0
Nhà ở,75,7900000000,Hà Nội,đã có sổ,3.0,4.0
Căn hộ/Chung cư,79,1234568,Hà Nội,không có sổ,1.0,1.0
Nhà ở,79,19500000000,Hà Nội,đã có sổ,4.0,6.0
Căn hộ/Chung cư,86,8470000000,Hà Nội,sổ hồng riêng,3.0,2.0
Nhà ở,80,7900000000,Hà Nội,đã có sổ,4.0,4.0
Căn hộ/Chung cư,81,4550000000,Hà Nội,sổ hồng riêng,2.0,2.0
Nhà ở,80,7200000000,Hà Nội,đã có sổ,3.0,4.0
Nhà ở,75,6000000,Hà Nội,đã có sổ,2.0,3.0
Căn hộ/Chung cư,74,3800000000,Hà Nội,sổ hồng riêng,2.0,1.0
Nhà ở,79,22000000,Hà Nội,đã có sổ,9.0,5.0
Nhà ở,80,6000000000,Hà Nội,đã có sổ,3.0,3.0
Nhà ở,81,14300000000,Hà Nội,đã có sổ,5.0,3.0
Nhà ở,80,2350000000,Hà Nội,không có sổ,2.0,2.0
Nhà ở,81,12800000000,Hà Nội,đã có sổ,4.0,5.0
Căn hộ/Chung cư,77,6000000,Hà Nội,sổ hồng riêng,2.0,2.0
Căn hộ/Chung cư,121,9000000,Hà Nội,sổ hồng riêng,1.0,1.0
Nhà ở,89,15999999999,Hà Nội,đã có sổ,3.0,3.0
Nhà ở,81,6600000000,Hà Nội,đã có sổ,3.0,4.0
Nhà ở,80,5800000000,Hà Nội,đã có sổ,3.0,4.0
Căn hộ/Chung cư,74,1000000000,Hà Nội,sổ hồng riêng,2.0,2.0
Nhà ở,80,3740000000,Hà Nội,đã có sổ,2.0,2.0
Nhà ở,74,9800000000,Hà Nội,đã có sổ,3.0,4.0
Nhà ở,76,6500000000,Hà Nội,đã có sổ,3.0,4.0
Căn hộ/Chung cư,84,4900000000,Hà Nội,sổ hồng riêng,2.0,2.0
Nhà ở,74,4900000000,Hà Nội,đã có sổ,3.0,5.0
Nhà ở,89,5500000000,Hà Nội,đã có sổ,4.0,3.0
Nhà ở,77,24000000000,Hà Nội,đã có sổ,4.0,2.0
Nhà ở,86,5200000000,Hà Nội,đã có sổ,3.0,3.0
Nhà ở,76,3760000000,Hà Nội,đã có sổ,3.0,3.0
Nhà ở,75,5900000000,Hà Nội,đã có sổ,3.0,4.0
Nhà ở,76,10500000000,Hà Nội,đã có sổ,5.0,5.0
Nhà ở,89,5200000000,Hà Nội,đã có sổ,6.0,5.0
Căn hộ/Chung cư,76,12500000,Hà Nội,sổ hồng riêng,3.0,2.0
Nhà ở,77,110000000,Hà Nội,đã có sổ,11.0,7.0
Căn hộ/Chung cư,75,2400000000,Hà Nội,sổ hồng riêng,2.0,1.0
Căn hộ/Chung cư,121,7500000,Hà Nội,sổ hồng riêng,1.0,1.0
Nhà ở,86,7200000000,Hà Nội,đã có sổ,7.0,7.0
Căn hộ/Chung cư,123,4300000000,Hà Nội,sổ hồng riêng,2.0,2.0
Nhà ở,80,32000000000,Hà Nội,đã có sổ,2.0,2.0
Nhà ở,86,9950000000,Hà Nội,đã có sổ,3.0,3.0
Nhà ở,80,6100000000,Hà Nội,đã có sổ,5.0,3.0
Căn hộ/Chung cư,76,4950000000,Hà Nội,sổ hồng riêng,3.0,2.0
Nhà ở,74,15000000000,Hà Nội,đã có sổ,4.0,4.0
Căn hộ/Chung cư,75,4900000,Hà Nội,sổ hồng riêng,1.0,1.0
Căn hộ/Chung cư,78,6800000,Hà Nội,không có sổ,1.0,1.0
Căn hộ/Chung cư,76,3450000000,Hà Nội,sổ hồng riêng,2.0,2.0
Căn hộ/Chung cư,79,8200000,Hà Nội,không có sổ,1.0,1.0
Nhà ở,80,2450000000,Hà Nội,không có sổ,2.0,2.0
Nhà ở,80,1000000000,Hà Nội,không có sổ,2.0,2.0
Nhà ở,76,7000000,Hà Nội,đã có sổ,1.0,1.0
Căn hộ/Chung cư,78,1550000000,Hà Nội,sổ hồng riêng,3.0,2.0
Căn hộ/Chung cư,86,4290000000,Hà Nội,sổ hồng riêng,2.0,2.0
Nhà ở,81,7800000000,Hà Nội,đã có sổ,3.0,4.0
Căn hộ/Chung cư,77,6000000,Hà Nội,sổ hồng riêng,2.0,2.0
Căn hộ/Chung cư,75,4800000,Hà Nội,sổ hồng riêng,1.0,1.0
Căn hộ/Chung cư,86,5300000000,Hà Nội,sổ hồng riêng,2.0,2.0
Căn hộ/Chung cư,80,4980000000,Hà Nội,sổ hồng riêng,2.0,2.0
Nhà ở,121,5800000000,Hà Nội,đã có sổ,4.0,3.0
Căn hộ/Chung cư,121,5000000,Hà Nội,sổ hồng riêng,1.0,1.0
Căn hộ/Chung cư,123,4000000000,Hà Nội,sổ hồng riêng,2.0,2.0
Nhà ở,89,3850000000,Hà Nội,đã có sổ,3.0,3.0
Nhà ở,86,6500000000,Hà Nội,đã có sổ,4.0,5.0
Nhà ở,75,10500000000,Hà Nội,không có sổ,2.0,3.0
Nhà ở,75,11000000000,Hà Nội,đã có sổ,5.0,5.0
Nhà ở,76,6250000000,Hà Nội,đã có sổ,3.0,3.0
Nhà ở,89,3700000000,Hà Nội,đã có sổ,3.0,4.0
Nhà ở,77,7200000000,Hà Nội,đã có sổ,5.0,3.0
Nhà ở,79,15000000000,Hà Nội,đã có sổ,3.0,3.0
Căn hộ/Chung cư,74,18500000,Hà Nội,không có sổ,2.0,2.0
Căn hộ/Chung cư,77,7100000000,Hà Nội,sổ hồng riêng,2.0,2.0
Nhà ở,77,14000000000,Hà Nội,đã có sổ,4.0,4.0
Căn hộ/Chung cư,86,6500000000,Hà Nội,sổ hồng riêng,3.0,2.0
Nhà ở,86,15000000000,Hà Nội,đã có sổ,4.0,4.0
Căn hộ/Chung cư,121,16000000,Hà Nội,không có sổ,3.0,2.0
Nhà ở,86,17600000000,Lê Trọng Tấn,đã có sổ,5.0,6.0
Nhà ở,77,8950000000,Hà Nội,đã có sổ,2.0,2.0
Nhà ở,79,7400000000,Hà Nội,đã có sổ,3.0,3.0
Nhà ở,81,6950000000,Hà Nội,đã có sổ,3.0,4.0
Căn hộ/Chung cư,121,6000000,Hà Nội,không có sổ,1.0,1.0
Căn hộ/Chung cư,78,10000000,Hà Nội,sổ hồng riêng,1.0,1.0
Nhà ở,78,11000000000,Hà Nội,đã có sổ,4.0,4.0
Nhà ở,81,7600000000,Hà Nội,đã có sổ,1.0,1.0
Nhà ở,81,9800000000,Hà Nội,đã có sổ,4.0,4.0
Căn hộ/Chung cư,123,3100000000,Hà Nội,sổ hồng riêng,1.0,1.0
Căn hộ/Chung cư,80,6000000000,Hà Nội,sổ hồng riêng,3.0,2.0
Nhà ở,76,23800000000,Hà Nội,đã có sổ,6.0,4.0
Căn hộ/Chung cư,79,6500000000,Hà Nội,sổ hồng riêng,2.0,2.0
Nhà ở,81,8600000000,Hà Nội,đã có sổ,4.0,4.0
Căn hộ/Chung cư,86,6500000000,Hà Nội,sổ hồng riêng,3.0,2.0
Nhà ở,84,10000000000,Hà Nội,đã có sổ,2.0,2.0
Nhà ở,81,14000000000,Hà Nội,đã có sổ,11.0,7.0
Nhà ở,74,13000000000,Hà Nội,đã có sổ,10.0,7.0
Nhà ở,79,14000000000,Hà Nội,đã có sổ,11.0,7.0
Nhà ở,75,8500000000,Hà Nội,đã có sổ,5.0,5.0
Nhà ở,89,8888888888,Hà Nội,đã có sổ,5.0,5.0
Nhà ở,84,6050000000,Hà Nội,đã có sổ,4.0,3.0
Căn hộ/Chung cư,75,1000000000,Hà Nội,sổ hồng riêng,2.0,2.0
Nhà ở,86,5650000000,Hà Nội,đã có sổ,3.0,4.0
Căn hộ/Chung cư,79,6100000000,Hà Nội,sổ hồng riêng,3.0,2.0
Căn hộ/Chung cư,86,3750000000,Hà Nội,sổ hồng riêng,2.0,2.0
Nhà ở,80,6000000000,Hà Nội,đã có sổ,3.0,4.0
Căn hộ/Chung cư,74,1000000000,Hà Nội,sổ hồng riêng,2.0,2.0
Nhà ở,80,6800000000,Hà Nội,đã có sổ,4.0,4.0
Nhà ở,75,900000000,Hà Nội,chưa rõ,1.0,1.0
Nhà ở,84,12500000000,Hà Nội,đã có sổ,5.0,5.0
Căn hộ/Chung cư,78,12200000,Hà Nội,không có sổ,1.0,1.0
Căn hộ/Chung cư,81,7500000,Hà Nội,sổ hồng riêng,3.0,2.0
Căn hộ/Chung cư,75,9000000,Hà Nội,chưa rõ,2.0,2.0
Nhà ở,129,2600000,Hà Nội,đang chờ sổ,1.0,1.0
Nhà ở,75,21000000000,Hà Nội,đã có sổ,4.0,4.0
Nhà ở,80,8600000000,Hà Nội,đã có sổ,4.0,4.0
Nhà ở,86,19500000000,Hà Nội,đã có sổ,6.0,5.0
Căn hộ/Chung cư,121,8000000,Hà Nội,sổ hồng riêng,1.0,1.0
Căn hộ/Chung cư,78,4800000,Hà Nội,chưa rõ,2.0,2.0
Nhà ở,89,5200000000,Hà Nội,đã có sổ,2.0,2.0
Nhà ở,79,8700000000,Hà Nội,đã có sổ,2.0,2.0
Nhà ở,74,7300000000,Phố Đội Cấn,đã có sổ,3.0,3.0
Nhà ở,81,8300000000,Hà Nội,đã có sổ,5.0,4.0
Nhà ở,121,13200000000,Hà Nội,đã có sổ,11.0,7.0
Nhà ở,75,10000000000,Hà Nội,đã có sổ,4.0,4.0
Căn hộ/Chung cư,121,4500000,Hà Nội,không có sổ,1.0,1.0
Nhà ở,80,14500000000,Hà Nội,đã có sổ,2.0,1.0
Căn hộ/Chung cư,121,4500000000,Hà Nội,sổ hồng riêng,2.0,1.0
Nhà ở,86,8100000000,Hà Nội,đã có sổ,4.0,4.0
Căn hộ/Chung cư,75,2150000000,Hà Nội,chưa rõ,2.0,1.0
Nhà ở,74,13500000000,Hà Nội,đã có sổ,3.0,2.0
Nhà ở,75,6900000000,Hà Nội,đã có sổ,3.0,4.0
Căn hộ/Chung cư,86,3450000,Hà Nội,chưa rõ,1.0,1.0
Căn hộ/Chung cư,121,3650000000,Hà Nội,sổ hồng riêng,2.0,1.0
Nhà ở,77,22000000000,Hà Nội,đã có sổ,4.0,4.0
Nhà ở,86,6600000000,Hà Nội,đã có sổ,4.0,3.0
Nhà ở,82,5600000000,Hà Nội,đã có sổ,2.0,1.0
Căn hộ/Chung cư,84,3190000000,Hà Nội,sổ hồng riêng,2.0,1.0
Căn hộ/Chung cư,86,10790000000,Hà Nội,sổ hồng riêng,3.0,2.0
Nhà ở,76,5500000000,Hà Nội,đã có sổ,3.0,3.0
Nhà ở,124,6750000000,Không có tên trong ngày,đã có sổ,2.0,2.0
Nhà ở,77,11900000000,Hà Nội,đã có sổ,11.0,7.0
Căn hộ/Chung cư,129,6350000000,Hà Nội,sổ hồng riêng,2.0,1.0
Nhà ở,84,10750000000,Hà Nội,đã có sổ,4.0,4.0
Nhà ở,81,19190000000,Hà Nội,đã có sổ,4.0,6.0
Nhà ở,80,3170000000,Hà Nội,đã có sổ,3.0,3.0
Căn hộ/Chung cư,121,7000000,Hà Nội,chưa rõ,1.0,1.0
Căn hộ/Chung cư,121,18000000,Hà Nội,không có sổ,1.0,2.0
Căn hộ/Chung cư,81,5800000000,Hà Nội,sổ hồng riêng,2.0,2.0
Nhà ở,80,4900000000,Hà Nội,đã có sổ,5.0,3.0
Nhà ở,86,4690000000,Hà Nội,đã có sổ,3.0,4.0
Căn hộ/Chung cư,121,6000000,Hà Nội,sổ hồng riêng,1.0,1.0
Căn hộ/Chung cư,76,3200000000,Hà Nội,sổ hồng riêng,2.0,1.0
Nhà ở,81,11900000000,Hà Nội,đã có sổ,4.0,3.0
Căn hộ/Chung cư,75,1630000000,Hà Nội,chưa rõ,1.0,1.0
Nhà ở,77,7390000000,Hà Nội,đã có sổ,4.0,4.0
Nhà ở,81,14000000,Hà Nội,đã có sổ,1.0,2.0
Nhà ở,81,11000000000,Hà Nội,đã có sổ,4.0,4.0
Nhà ở,89,5400000000,Hà Nội,đã có sổ,4.0,4.0
Nhà ở,80,15050000000,Hà Nội,đã có sổ,3.0,5.0
Căn hộ/Chung cư,123,3100000000,Hà Nội,sổ hồng riêng,1.0,1.0
Căn hộ/Chung cư,123,2350000000,Hà Nội,sổ hồng riêng,1.0,1.0
Căn hộ/Chung cư,76,3450000000,Hà Nội,sổ hồng riêng,2.0,2.0
Nhà ở,74,7980000000,Hà Nội,đã có sổ,3.0,4.0
Nhà ở,79,10200000000,Hà Nội,đã có sổ,4.0,4.0
Nhà ở,77,10300000000,Hà Nội,đã có sổ,3.0,3.0
Căn hộ/Chung cư,75,4800000,Hà Nội,sổ hồng riêng,1.0,1.0
Căn hộ/Chung cư,78,6000000,Hà Nội,không có sổ,1.0,1.0
Nhà ở,77,11900000000,Hà Nội,đã có sổ,8.0,7.0
Nhà ở,75,15000000000,Hà Nội,đã có sổ,3.0,4.0
Căn hộ/Chung cư,78,7500000,Hà Nội,không có sổ,1.0,1.0
Nhà ở,81,11800000000,Hà Nội,đã có sổ,3.0,4.0
Căn hộ/Chung cư,86,5850000,Hà Nội,chưa rõ,1.0,1.0
Nhà ở,81,11800000000,Hà Nội,đã có sổ,3.0,4.0
Nhà ở,81,13400000000,Hà Nội,đã có sổ,4.0,5.0
Nhà ở,89,5450000000,Hà Nội,đã có sổ,3.0,3.0
Nhà ở,81,26000000000,Hà Nội,đã có sổ,6.0,5.0
Căn hộ/Chung cư,78,7200000,Hà Nội,không có sổ,1.0,1.0
Nhà ở,74,24500000000,Hà Nội,đã có sổ,10.0,5.0
Căn hộ/Chung cư,78,12000000,Hà Nội,không có sổ,1.0,1.0
Nhà ở,81,10950000000,Hà Nội,đã có sổ,4.0,4.0
Nhà ở,77,6700000000,Hà Nội,đã có sổ,4.0,3.0
Nhà ở,82,8200000000,Hà Nội,đã có sổ,4.0,3.0
Nhà ở,86,2750000000,Hà Nội,đã có sổ,3.0,4.0
Nhà ở,74,8800000000,Hà Nội,đã có sổ,3.0,3.0
Nhà ở,80,4550000000,Hà Nội,đã có sổ,3.0,3.0
Nhà ở,78,96000000000,Hà Nội,đã có sổ,11.0,7.0
Nhà ở,77,43000000000,Hà Nội,đã có sổ,6.0,6.0
Nhà ở,82,6400000000,Hà Nội,đã có sổ,3.0,3.0
Căn hộ/Chung cư,84,5550000000,Hà Nội,sổ hồng riêng,2.0,2.0
Nhà ở,75,22100000000,Hà Nội,đã có sổ,4.0,3.0
Nhà ở,92,3650000000,Hà Nội,đã có sổ,3.0,3.0
Căn hộ/Chung cư,79,10900000000,Hà Nội,sổ hồng riêng,2.0,2.0
Nhà ở,80,8990000000,Hà Nội,đã có sổ,3.0,4.0
Nhà ở,75,4797000000,Hà Nội,đã có sổ,3.0,3.0
Nhà ở,80,6250000000,Hà Nội,đã có sổ,3.0,4.0
Nhà ở,75,27500000000,Hà Nội,đã có sổ,4.0,4.0
Nhà ở,79,10600000000,Hà Nội,đã có sổ,3.0,3.0
Nhà ở,129,9000000000,Hà Nội,đã có sổ,3.0,4.0
Nhà ở,86,8750000000,Hà Nội,đã có sổ,3.0,3.0
Nhà ở,75,18000000000,Hà Nội,đã có sổ,4.0,4.0
Căn hộ/Chung cư,75,12000000,Hà Nội,sổ hồng riêng,3.0,2.0
Nhà ở,77,7300000000,Hà Nội,đã có sổ,3.0,4.0
Căn hộ/Chung cư,123,15500000,Hà Nội,đang chờ sổ,3.0,2.0
Nhà ở,79,16000000,Hà Nội,đã có sổ,4.0,3.0
Căn hộ/Chung cư,81,7500000,Hà Nội,sổ hồng riêng,2.0,1.0
Nhà ở,76,6900000000,Hà Nội,đã có sổ,3.0,4.0
Căn hộ/Chung cư,123,4570000000,Hà Nội,chưa rõ,2.0,2.0
Căn hộ/Chung cư,86,6300000000,Hà Nội,sổ hồng riêng,3.0,2.0
Nhà ở,77,10000000,Hà Nội,đã có sổ,4.0,2.0
Nhà ở,79,19800000000,Hà Nội,đã có sổ,6.0,6.0
Nhà ở,84,8500000000,Vĩnh Quỳnh,đã có sổ,4.0,4.0
Nhà ở,75,15500000000,Hà Nội,đã có sổ,4.0,5.0
Nhà ở,75,4800000000,Hà Nội,đã có sổ,3.0,4.0
Nhà ở,86,10300000000,Hà Nội,đã có sổ,2.0,2.0
Căn hộ/Chung cư,123,3550000000,Hà Nội,sổ hồng riêng,2.0,1.0
Nhà ở,81,5950000000,Hà Nội,đã có sổ,3.0,4.0
Nhà ở,79,18950000000,Hà Nội,đã có sổ,6.0,5.0
Nhà ở,86,7980000000,Hà Nội,đã có sổ,3.0,3.0
Nhà ở,84,2500000000,Hà Nội,đã có sổ,4.0,4.0
Nhà ở,86,10800000000,Hà Nội,đã có sổ,3.0,3.0
Nhà ở,76,7850000000,Hà Nội,đã có sổ,4.0,4.0
Nhà ở,75,28500000000,Hà Nội,đã có sổ,7.0,7.0
Nhà ở,77,18950000000,Hà Nội,đã có sổ,4.0,5.0
Nhà ở,129,14800000000,Hà Nội,đã có sổ,8.0,7.0
Nhà ở,74,16500000000,Hà Nội,đã có sổ,4.0,3.0
Căn hộ/Chung cư,76,3280000000,Hà Nội,sổ hồng riêng,2.0,1.0
Nhà ở,79,11200000000,Hà Nội,đã có sổ,6.0,7.0
Căn hộ/Chung cư,78,6800000,Hà Nội,không có sổ,1.0,1.0
Nhà ở,80,8280000000,Hà Nội,đã có sổ,4.0,4.0
Nhà ở,80,5900000000,Hà Nội,đã có sổ,4.0,4.0
Căn hộ/Chung cư,78,12000000,Hà Nội,không có sổ,1.0,1.0
Nhà ở,121,7300000000,Hà Nội,đã có sổ,7.0,7.0
Căn hộ/Chung cư,75,15000000,Hà Nội,chưa rõ,2.0,2.0
Căn hộ/Chung cư,123,2350000000,Hà Nội,sổ hồng riêng,1.0,1.0
Căn hộ/Chung cư,79,8000000,Hà Nội,không có sổ,1.0,1.0
Căn hộ/Chung cư,121,12500000,Hà Nội,không có sổ,2.0,1.0
Căn hộ/Chung cư,121,12500000,Hà Nội,không có sổ,2.0,2.0
Căn hộ/Chung cư,121,14500000,Hà Nội,không có sổ,2.0,2.0
Nhà ở,80,1100000000,Tân Khai,đã có sổ,2.0,1.0
Nhà ở,84,1149000000,Hà Nội,đang chờ sổ,3.0,2.0
Căn hộ/Chung cư,78,5200000,Hà Nội,sổ hồng riêng,1.0,1.0
Nhà ở,79,50000000,Hà Nội,đã có sổ,5.0,4.0
Nhà ở,129,8200000000,Hà Nội,đã có sổ,3.0,4.0
Nhà ở,74,12300000000,Hà Nội,đã có sổ,6.0,3.0
Căn hộ/Chung cư,121,4200000000,Hà Nội,chưa rõ,3.0,2.0
Nhà ở,76,7500000000,Hà Nội,đã có sổ,3.0,4.0
Căn hộ/Chung cư,80,5730000000,Hà Nội,sổ hồng riêng,2.0,2.0
Nhà ở,121,24000000000,Hà Nội,đã có sổ,4.0,4.0
Căn hộ/Chung cư,121,4800000000,Hà Nội,chưa rõ,2.0,2.0
Nhà ở,78,7800000000,Hà Nội,đã có sổ,3.0,4.0
Nhà ở,75,20000000000,Hà Nội,đã có sổ,11.0,7.0
Nhà ở,75,3360000000,Hà Nội,đã có sổ,2.0,2.0
Nhà ở,74,7400000000,Hà Nội,đã có sổ,4.0,5.0
Nhà ở,86,32000000000,Hà Nội,đã có sổ,5.0,5.0
Nhà ở,80,13980000000,Hà Nội,đã có sổ,4.0,4.0
Căn hộ/Chung cư,76,3850000000,Hà Nội,sổ hồng riêng,2.0,2.0
Nhà ở,84,6250000000,Hà Nội,đã có sổ,4.0,3.0
Căn hộ/Chung cư,123,4500000000,Hà Nội,sổ hồng riêng,2.0,1.0
Nhà ở,81,5000000000,Hà Nội,đã có sổ,3.0,4.0
Căn hộ/Chung cư,86,3150000000,Hà Nội,sổ hồng riêng,2.0,1.0
Căn hộ/Chung cư,80,5200000000,Hà Nội,sổ hồng riêng,3.0,2.0
Nhà ở,84,7500000000,Hà Nội,đã có sổ,3.0,3.0
Nhà ở,89,3950000000,Hà Nội,đã có sổ,4.0,3.0
Căn hộ/Chung cư,86,3550000,Hà Nội,chưa rõ,1.0,1.0
Nhà ở,75,9600000000,Hà Nội,đã có sổ,4.0,3.0
Căn hộ/Chung cư,75,3980000000,Hà Nội,sổ hồng riêng,2.0,2.0
Nhà ở,76,5980000000,Hà Nội,đã có sổ,3.0,3.0
Nhà ở,80,7300000000,Hà Nội,đã có sổ,4.0,4.0
Nhà ở,77,9100000000,Hà Nội,đã có sổ,4.0,4.0
Căn hộ/Chung cư,121,650000000,Hà Nội,không có sổ,2.0,1.0
Căn hộ/Chung cư,121,11500000,Hà Nội,không có sổ,2.0,1.0
Căn hộ/Chung cư,86,980000000,Hà Nội,sổ hồng riêng,2.0,1.0
Căn hộ/Chung cư,121,7200000000,Hà Nội,sổ hồng riêng,3.0,3.0
Căn hộ/Chung cư,76,6300000000,Hà Nội,sổ hồng riêng,2.0,2.0
Căn hộ/Chung cư,121,3500000,Hà Nội,sổ hồng riêng,9.0,7.0
Căn hộ/Chung cư,80,11000000,Hà Nội,sổ hồng riêng,1.0,2.0
Nhà ở,74,7900000000,Hà Nội,đã có sổ,4.0,4.0
Căn hộ/Chung cư,75,1000000000,Hà Nội,sổ hồng riêng,2.0,2.0
Nhà ở,80,15900000000,Hà Nội,đã có sổ,5.0,5.0
Nhà ở,77,7800000000,Hà Nội,đã có sổ,5.0,5.0
Nhà ở,121,23000000,Hà Nội,đã có sổ,5.0,4.0
Nhà ở,88,10000000000,Hà Nội,đã có sổ,3.0,3.0
Nhà ở,80,7650000000,Hà Nội,đã có sổ,4.0,4.0
Nhà ở,84,8150000000,Hà Nội,đã có sổ,4.0,4.0
Căn hộ/Chung cư,123,3650000000,Hà Nội,sổ hồng riêng,2.0,1.0
Nhà ở,75,6500000000,Hà Nội,đã có sổ,4.0,3.0
Nhà ở,75,8150000000,Hà Nội,đã có sổ,3.0,4.0
Nhà ở,73,15000000000,Hà Nội,đã có sổ,4.0,4.0
Nhà ở,89,5550000000,Hà Nội,đã có sổ,2.0,2.0
Nhà ở,79,10200000000,Hà Nội,đã có sổ,4.0,5.0
Nhà ở,77,9300000000,Hà Nội,đã có sổ,3.0,5.0
Nhà ở,77,12000000000,Hà Nội,đã có sổ,2.0,1.0
Nhà ở,75,3650000000,Hà Nội,đã có sổ,3.0,4.0
Nhà ở,75,8250000000,Hà Nội,đã có sổ,2.0,3.0
Căn hộ/Chung cư,80,3800000000,Hà Nội,sổ hồng riêng,1.0,2.0
Nhà ở,78,5200000000,Hà Nội,đang chờ sổ,2.0,2.0
Căn hộ/Chung cư,75,5000000,Hà Nội,sổ hồng riêng,1.0,1.0
Nhà ở,121,24000000,Hà Nội,đã có sổ,7.0,5.0
Căn hộ/Chung cư,121,3250000,Hà Nội,chưa rõ,1.0,1.0
Nhà ở,81,9500000000,Hà Nội,đã có sổ,3.0,4.0
Nhà ở,86,17500000000,Hà Nội,đã có sổ,6.0,4.0
Nhà ở,77,7550000000,Hà Nội,đã có sổ,4.0,4.0
Nhà ở,76,3950000000,Hà Nội,đang chờ sổ,2.0,2.0
Nhà ở,80,8360000000,Hà Nội,đã có sổ,4.0,4.0
Căn hộ/Chung cư,121,13500000,Hà Nội,không có sổ,3.0,2.0
Nhà ở,77,8300000000,Hà Nội,đã có sổ,3.0,4.0
Căn hộ/Chung cư,121,12500000,Hà Nội,không có sổ,2.0,2.0
Nhà ở,121,14000000,Hà Nội,đã có sổ,5.0,4.0
Căn hộ/Chung cư,74,5500000,Hà Nội,sổ hồng riêng,1.0,1.0
Nhà ở,80,6500000000,Hà Nội,đã có sổ,3.0,4.0
Căn hộ/Chung cư,121,13000000,Hà Nội,không có sổ,1.0,1.0
Nhà ở,84,6700000000,1A,đã có sổ,6.0,4.0
Căn hộ/Chung cư,121,60000000,Hà Nội,sổ hồng riêng,5.0,4.0
Căn hộ/Chung cư,80,3200000000,Hà Nội,chưa rõ,2.0,2.0
Căn hộ/Chung cư,78,8800000,Hà Nội,không có sổ,1.0,1.0
Căn hộ/Chung cư,121,6800000000,Hà Nội,sổ hồng riêng,3.0,2.0
Nhà ở,129,9400000000,Hà Nội,đã có sổ,3.0,4.0
Nhà ở,89,4650000000,Hà Nội,đã có sổ,4.0,3.0
Căn hộ/Chung cư,78,6900000,Hà Nội,không có sổ,1.0,1.0
Nhà ở,77,20500000000,Hà Nội,đã có sổ,6.0,4.0
Căn hộ/Chung cư,121,12700000000,Hà Nội,sổ hồng riêng,4.0,3.0
Căn hộ/Chung cư,78,4000000,Hà Nội,không có sổ,1.0,1.0
Nhà ở,129,15000000,Hà Nội,không có sổ,1.0,1.0
Nhà ở,75,6200000000,Hà Nội,đã có sổ,3.0,4.0
Nhà ở,76,9500000000,Hà Nội,đã có sổ,4.0,4.0
Nhà ở,84,2600000000,Hà Nội,đã có sổ,1.0,1.0
Căn hộ/Chung cư,78,6800000,Hà Nội,không có sổ,1.0,1.0
Nhà ở,90,3300000000,Hà Nội,đã có sổ,4.0,3.0
Căn hộ/Chung cư,79,9250000000,Hà Nội,sổ hồng riêng,2.0,3.0
Nhà ở,79,30000000,Hà Nội,đã có sổ,6.0,4.0
Nhà ở,74,9150000000,Hà Nội,đã có sổ,5.0,4.0
Căn hộ/Chung cư,121,4250000,Hà Nội,chưa rõ,1.0,1.0
Nhà ở,77,6600000000,Hà Nội,đã có sổ,3.0,2.0
Nhà ở,81,8500000000,Hà Nội,đã có sổ,2.0,2.0
Nhà ở,128,3000000,Hà Nội,đã có sổ,2.0,1.0
Nhà ở,81,3500000,Hà Nội,đã có sổ,2.0,2.0
Nhà ở,80,2000000000,Hà Nội,chưa rõ,2.0,3.0
Nhà ở,81,42000000000,Hà Nội,đã có sổ,4.0,3.0
Căn hộ/Chung cư,77,4000000,Hà Nội,sổ hồng riêng,1.0,1.0
Căn hộ/Chung cư,75,5400000000,Hà Nội,sổ hồng riêng,3.0,2.0
Nhà ở,76,13000000,Hà Nội,đã có sổ,4.0,2.0
Nhà ở,76,12000000000,Hà Nội,đã có sổ,7.0,4.0
Căn hộ/Chung cư,86,3750000000,Hà Nội,sổ hồng riêng,2.0,2.0
Nhà ở,78,9000000000,Hà Nội,đã có sổ,5.0,3.0
Căn hộ/Chung cư,78,6200000,Hà Nội,không có sổ,1.0,1.0
Nhà ở,84,8000000,Hà Nội,đã có sổ,3.0,4.0
Căn hộ/Chung cư,123,3900000000,Hà Nội,sổ hồng riêng,2.0,1.0
Nhà ở,80,7950000000,Hà Nội,đã có sổ,6.0,5.0
Nhà ở,79,15000000000,Hà Nội,đã có sổ,4.0,2.0
Căn hộ/Chung cư,129,4300000,Hà Nội,không có sổ,3.0,3.0
Nhà ở,74,7600000000,Hà Nội,đã có sổ,3.0,4.0
Nhà ở,79,16000000,Hà Nội,đã có sổ,6.0,4.0
Nhà ở,75,399000000,Hà Nội,đã có sổ,2.0,2.0
Nhà ở,121,16950000000,Hà Nội,đã có sổ,11.0,7.0
Nhà ở,76,10500000000,Hà Nội,đã có sổ,2.0,3.0
Nhà ở,75,13500000000,Hà Nội,đã có sổ,5.0,4.0
Nhà ở,74,21900000000,kim mã,đã có sổ,7.0,7.0
Căn hộ/Chung cư,76,2850000000,Hà Nội,sổ hồng riêng,2.0,2.0
Nhà ở,89,5950000000,Hà Nội,đã có sổ,6.0,6.0
Nhà ở,79,26000000000,Hà Nội,đã có sổ,5.0,5.0
Nhà ở,121,11200000000,Hà Nội,đã có sổ,4.0,4.0
Nhà ở,76,5980000000,Hà Nội,đã có sổ,3.0,3.0
Nhà ở,80,7800000000,Hà Nội,đã có sổ,3.0,4.0
Nhà ở,81,5000000000,Hà Nội,đã có sổ,3.0,4.0
Căn hộ/Chung cư,123,4280000000,Hà Nội,sổ hồng riêng,2.0,2.0
Nhà ở,76,29800000000,Hà Nội,đã có sổ,9.0,6.0
Nhà ở,76,5950000000,Hà Nội,đã có sổ,3.0,3.0
Nhà ở,86,3000000000,Hà Nội,đã có sổ,4.0,3.0
Nhà ở,77,6900000000,Hà Nội,đã có sổ,3.0,3.0
Nhà ở,75,14200000000,Hà Nội,đã có sổ,4.0,4.0
Căn hộ/Chung cư,121,12150000000,Hà Nội,sổ hồng riêng,2.0,2.0
Nhà ở,86,17000000000,Hà Nội,đã có sổ,4.0,3.0
Nhà ở,81,4500000,Hà Nội,đã có sổ,2.0,2.0
Nhà ở,129,890000000,Hà Nội,sổ hồng riêng,1.0,1.0
Căn hộ/Chung cư,75,4900000,Hà Nội,sổ hồng riêng,1.0,1.0
Căn hộ/Chung cư,89,8500000,Hà Nội,sổ hồng riêng,3.0,2.0
Căn hộ/Chung cư,121,9000000,Hà Nội,sổ hồng riêng,1.0,1.0
Nhà ở,86,6300000000,Hà Nội,đã có sổ,4.0,3.0
Nhà ở,129,5750000000,Hà Nội,đã có sổ,3.0,3.0
Nhà ở,75,6200000000,Hà Nội,đã có sổ,3.0,3.0
Nhà ở,86,5400000000,Hà Nội,đã có sổ,4.0,3.0
Căn hộ/Chung cư,77,7150000000,Hà Nội,sổ hồng riêng,2.0,2.0
Nhà ở,86,26000000000,Hà Nội,đã có sổ,6.0,5.0
Nhà ở,77,6700000000,Hà Nội,đã có sổ,3.0,4.0
Nhà ở,76,55000000000,Hà Nội,đã có sổ,2.0,6.0
Căn hộ/Chung cư,74,1000000000,Hà Nội,đang chờ sổ,2.0,2.0
Căn hộ/Chung cư,84,3800000,Hà Nội,không có sổ,1.0,1.0
Căn hộ/Chung cư,123,4100000000,Hà Nội,sổ hồng riêng,2.0,2.0
Nhà ở,75,19800000000,Hà Nội,đã có sổ,5.0,3.0
Nhà ở,77,8000000000,Hà Nội,đã có sổ,4.0,4.0
Nhà ở,80,11900000000,Hà Nội,đã có sổ,4.0,5.0
Nhà ở,77,21800000000,Hà Nội,đã có sổ,11.0,7.0
Nhà ở,121,6800000000,Hà Nội,đã có sổ,4.0,3.0
Căn hộ/Chung cư,75,900000000,Hà Nội,sổ hồng riêng,2.0,1.0
Nhà ở,75,6800000000,Hà Nội,đã có sổ,3.0,4.0
Căn hộ/Chung cư,121,3700000,Hà Nội,không có sổ,1.0,1.0
Căn hộ/Chung cư,79,10500000,Hà Nội,không có sổ,2.0,1.0
Nhà ở,74,6700000000,Hà Nội,đã có sổ,3.0,4.0
Nhà ở,127,2990000000,Hà Nội,đã có sổ,3.0,2.0
Nhà ở,81,10800000000,Hà Nội,đã có sổ,3.0,4.0
Nhà ở,78,9500000000,Đường Thụy Khuê,đã có sổ,6.0,4.0
Nhà ở,77,7300000000,Hà Nội,đã có sổ,3.0,4.0
Căn hộ/Chung cư,78,7500000,Hà Nội,không có sổ,1.0,1.0
Căn hộ/Chung cư,74,15900000000,Hà Nội,sổ hồng riêng,4.0,3.0
Nhà ở,80,16000000000,Hà Nội,đã có sổ,8.0,6.0
Nhà ở,81,11800000000,Hà Nội,đã có sổ,3.0,4.0
Nhà ở,80,48600000000,Hà Nội,đã có sổ,5.0,4.0
Nhà ở,121,22000000000,Phùng Khoang,đã có sổ,11.0,7.0
Nhà ở,89,3500000,Hà Nội,đã có sổ,3.0,1.0
Căn hộ/Chung cư,89,13000000,Hà Nội,đang chờ sổ,2.0,2.0
Nhà ở,121,13000000000,Hà Nội,đã có sổ,4.0,4.0
Căn hộ/Chung cư,77,4300000000,Hà Nội,sổ hồng riêng,2.0,1.0
Nhà ở,80,6250000000,Hà Nội,đã có sổ,3.0,4.0
Nhà ở,78,7000000,Hà Nội,đã có sổ,2.0,3.0
Căn hộ/Chung cư,79,6700000000,Hà Nội,sổ hồng riêng,2.0,2.0
Căn hộ/Chung cư,129,4950000000,Hà Nội,chưa rõ,3.0,2.0
Nhà ở,86,12000000,Hà Nội,đã có sổ,3.0,4.0
Nhà ở,78,76000000000,Hà Nội,đã có sổ,7.0,7.0
Căn hộ/Chung cư,76,1100000000,Hà Nội,chưa rõ,1.0,1.0
Nhà ở,77,6500000000,Hà Nội,đã có sổ,3.0,4.0
Nhà ở,74,19500000000,Hà Nội,đã có sổ,11.0,7.0
Nhà ở,86,7800000000,Hà Nội,đã có sổ,3.0,3.0
Nhà ở,80,1750000000,Hà Nội,chưa rõ,1.0,2.0
Căn hộ/Chung cư,77,5600000000,Hà Nội,sổ hồng riêng,2.0,2.0
Nhà ở,80,7350000000,Hà Nội,đã có sổ,3.0,4.0
Nhà ở,77,7500000000,Hà Nội,đã có sổ,5.0,4.0
Nhà ở,123,25000000,Hà Nội,đã có sổ,3.0,5.0
Nhà ở,77,7950000000,Hà Nội,đã có sổ,4.0,4.0
Căn hộ/Chung cư,77,6300000,Hà Nội,sổ hồng riêng,1.0,1.0
Nhà ở,76,6950000000,Hà Nội,đã có sổ,3.0,4.0
Nhà ở,77,15600000000,Hà Nội,đã có sổ,4.0,4.0
Nhà ở,81,13900000000,Hà Nội,đã có sổ,3.0,3.0
Nhà ở,75,6900000000,Hà Nội,đã có sổ,3.0,4.0
Nhà ở,129,23000000000,Hà Nội,đã có sổ,11.0,7.0
Căn hộ/Chung cư,78,9000000,Hà Nội,không có sổ,1.0,1.0
Nhà ở,75,8300000000,Hà Nội,đã có sổ,3.0,4.0
Căn hộ/Chung cư,79,6000000,Hà Nội,sổ hồng riêng,2.0,1.0
Căn hộ/Chung cư,80,5750000000,Hà Nội,sổ hồng riêng,3.0,2.0
Nhà ở,86,9800000000,Hà Nội,đã có sổ,3.0,3.0
Căn hộ/Chung cư,84,3600000,Hà Nội,không có sổ,1.0,1.0
Căn hộ/Chung cư,121,4700000,Hà Nội,sổ hồng riêng,1.0,1.0
Nhà ở,75,16980000000,Đê La Thành,đã có sổ,3.0,3.0
Căn hộ/Chung cư,80,4850000000,Hà Nội,sổ hồng riêng,2.0,2.0
Nhà ở,77,9800000000,Hà Nội,đã có sổ,3.0,5.0
Nhà ở,80,2700000000,Hà Nội,chưa rõ,2.0,2.0
Căn hộ/Chung cư,75,7500000,Hà Nội,sổ hồng riêng,1.0,1.0
Căn hộ/Chung cư,121,6600000,Hà Nội,không có sổ,1.0,1.0
Căn hộ/Chung cư,77,14500000,Hà Nội,sổ hồng riêng,2.0,2.0
Nhà ở,78,8900000000,Hà Nội,đã có sổ,5.0,5.0
Căn hộ/Chung cư,76,11650000000,Hà Nội,sổ hồng riêng,2.0,2.0
Nhà ở,75,7750000000,Hà Nội,đã có sổ,3.0,5.0
Căn hộ/Chung cư,89,4290000000,Hà Nội,sổ hồng riêng,2.0,2.0
Nhà ở,81,6500000000,Hà Nội,đã có sổ,4.0,3.0
Căn hộ/Chung cư,77,4960000000,Hà Nội,sổ hồng riêng,3.0,2.0
Căn hộ/Chung cư,78,9000000,Hà Nội,không có sổ,1.0,2.0
Căn hộ/Chung cư,76,6000000,Hà Nội,sổ hồng riêng,1.0,1.0
Nhà ở,74,7900000000,Hà Nội,đã có sổ,4.0,4.0
Nhà ở,77,22500000000,Hà Nội,đã có sổ,6.0,6.0
Nhà ở,86,3960000000,Hà Nội,đã có sổ,4.0,3.0
Nhà ở,75,5200000000,Hà Nội,đã có sổ,3.0,3.0
Căn hộ/Chung cư,77,8900000000,Hà Nội,sổ hồng riêng,3.0,2.0
Nhà ở,78,9900000000,Hà Nội,đã có sổ,3.0,4.0
Căn hộ/Chung cư,81,4450000000,Hà Nội,sổ hồng riêng,2.0,2.0
Nhà ở,80,7000000000,Hà Nội,đã có sổ,4.0,4.0
Nhà ở,84,4750000000,Hà Nội,đã có sổ,3.0,4.0
Nhà ở,77,7000000000,Hà Nội,đã có sổ,3.0,2.0
Nhà ở,129,13000000000,Hà Nội,đã có sổ,8.0,7.0
Nhà ở,86,5900000000,Hà Nội,đã có sổ,2.0,1.0
Nhà ở,77,6600000000,Hà Nội,đã có sổ,4.0,7.0
Căn hộ/Chung cư,129,7390000000,Hà Nội,sổ hồng riêng,3.0,2.0
Căn hộ/Chung cư,80,8950000000,Hà Nội,sổ hồng riêng,3.0,2.0
Căn hộ/Chung cư,79,8200000000,Hà Nội,sổ hồng riêng,3.0,2.0
Nhà ở,80,6350000000,Hà Nội,đã có sổ,4.0,3.0
Nhà ở,77,6400000000,Hà Nội,đã có sổ,3.0,3.0
Nhà ở,74,136000000000,Hà Nội,đã có sổ,4.0,4.0
Nhà ở,121,8700000000,Hà Nội,đã có sổ,10.0,6.0
Căn hộ/Chung cư,78,12000000,Hà Nội,không có sổ,1.0,1.0
Nhà ở,80,6650000000,Đường Tam Trinh,đã có sổ,3.0,3.0
Nhà ở,79,7800000000,Hà Nội,đã có sổ,3.0,4.0
Căn hộ/Chung cư,121,8200000000,Hà Nội,sổ hồng riêng,3.0,2.0
Căn hộ/Chung cư,78,7500000,Hà Nội,không có sổ,1.0,1.0
Căn hộ/Chung cư,75,900000000,Hà Nội,sổ hồng riêng,2.0,1.0
Nhà ở,82,6400000000,Hà Nội,đã có sổ,3.0,2.0
Nhà ở,86,31500000000,Hà Nội,đã có sổ,5.0,7.0
Nhà ở,75,8500000000,Hà Nội,đã có sổ,3.0,5.0
Căn hộ/Chung cư,77,3550000000,Hà Nội,sổ hồng riêng,2.0,2.0
Nhà ở,84,7000000000,Hà Nội,đã có sổ,5.0,4.0
Căn hộ/Chung cư,75,10000000,Hà Nội,sổ hồng riêng,3.0,1.0
Nhà ở,86,29000000000,Hà Nội,đã có sổ,4.0,3.0
Nhà ở,81,7000000000,Hà Nội,đã có sổ,5.0,5.0
Nhà ở,80,8560000000,Hà Nội,đã có sổ,4.0,5.0
Căn hộ/Chung cư,121,9500000,Hà Nội,sổ hồng riêng,2.0,1.0
Nhà ở,76,8000000000,Hà Nội,đã có sổ,4.0,3.0
Nhà ở,77,7800000000,Hà Nội,đã có sổ,5.0,4.0
Căn hộ/Chung cư,121,14500000,Hà Nội,không có sổ,3.0,2.0
Căn hộ/Chung cư,86,4050000000,Hà Nội,sổ hồng riêng,2.0,2.0
Nhà ở,80,7500000000,Hà Nội,không có sổ,6.0,6.0
Căn hộ/Chung cư,80,3700000000,Hà Nội,sổ hồng riêng,2.0,2.0
Nhà ở,129,11500000000,Hà Nội,đã có sổ,3.0,3.0
Nhà ở,75,7290000000,Hà Nội,đã có sổ,5.0,4.0
Nhà ở,74,6000000000,Hà Nội,đã có sổ,3.0,4.0
Căn hộ/Chung cư,80,2774000000,Hà Nội,sổ hồng riêng,3.0,2.0
Nhà ở,79,77000000000,Hà Nội,đã có sổ,11.0,7.0
Nhà ở,86,8700000000,Hà Nội,đã có sổ,4.0,4.0
Nhà ở,80,21750000000,Hà Nội,đã có sổ,2.0,2.0
Nhà ở,89,5660000000,Hà Nội,đã có sổ,2.0,2.0
Nhà ở,80,19500000000,Hà Nội,đã có sổ,5.0,5.0
Nhà ở,86,6800000000,Hà Nội,đã có sổ,8.0,7.0
Nhà ở,75,12500000000,Hà Nội,đã có sổ,9.0,5.0
Căn hộ/Chung cư,78,7300000,Hà Nội,không có sổ,2.0,1.0
Nhà ở,121,33000000000,Hà Nội,đã có sổ,5.0,4.0
Nhà ở,129,14800000000,Hà Nội,đã có sổ,4.0,4.0
Căn hộ/Chung cư,121,3300000000,Hà Nội,sổ hồng riêng,1.0,1.0
Căn hộ/Chung cư,77,2390000000,Hà Nội,chưa rõ,2.0,1.0
Căn hộ/Chung cư,77,5750000000,Hà Nội,sổ hồng riêng,2.0,2.0
Nhà ở,75,15500000000,Hà Nội,đã có sổ,4.0,3.0
Căn hộ/Chung cư,80,8000000,Hà Nội,đang chờ sổ,2.0,1.0
Nhà ở,121,6990000000,Hà Nội,đã có sổ,5.0,4.0
Nhà ở,79,51000000000,Hà Nội,đã có sổ,11.0,7.0
Nhà ở,86,15500000000,Hà Nội,đã có sổ,5.0,4.0
Nhà ở,78,23200000000,Hà Nội,đã có sổ,10.0,7.0
Nhà ở,81,12000000000,Hà Nội,đã có sổ,3.0,4.0
Nhà ở,75,155000000000,Hà Nội,đã có sổ,4.0,7.0
Căn hộ/Chung cư,76,10600000000,Hà Nội,sổ hồng riêng,2.0,2.0
Nhà ở,81,8170000000,Hà Nội,đã có sổ,3.0,3.0
Căn hộ/Chung cư,76,2150000000,Hà Nội,sổ hồng riêng,2.0,1.0
Nhà ở,80,8300000000,Hà Nội,đã có sổ,3.0,4.0
Nhà ở,80,7180000000,Hà Nội,đã có sổ,3.0,4.0
Nhà ở,129,7000000000,Hà Nội,đã có sổ,4.0,5.0
Nhà ở,86,7000000000,Hà Nội,đã có sổ,3.0,3.0
Nhà ở,78,2400000000,Hà Nội,không có sổ,3.0,2.0
Nhà ở,75,6900000000,Hà Nội,đã có sổ,3.0,4.0
Nhà ở,121,5900000000,Hà Nội,đã có sổ,5.0,3.0
Nhà ở,77,7500000000,Hà Nội,đã có sổ,6.0,4.0
